Day after start treatment,Zn treatment level (micro gram Zn/L),P treatment level (micro gram P/L),Temperature treatment level (Degrees celsius),Microcosm,Diatom colony,Anabaena sp.,Anisonema acinus ,Aphanocapsa sp. 1,Aphanocapsa sp. 2,Aphanothece sp.,Asterococcus sp.,Chlorococcales sp. 2,Carteria sp.,Chlamydocapsa sp.,Chlamydomonas sp.,Chlorococcales sp. 1,Chroococcus sp.,Chroomonas sp.,Chrysococcus sp.,Chrysosphaerella sp.,Chytridionycota sp.,Closterium sp.,Coelastrum sp.,Coenocystis sp.,Cosmarium sp.,Cryptomonas sp.,Cyanodictyon sp.,Dactylosphaerium jurisii,Desmodesmus sp.,Single cell diatoms,Dictyospaerium sp.,Dimorphococcus sp.,Dinobryon sociale,Eucapsis sp.,Eudogonium sp.,Eudorina sp.,Euglena sp.,Euglenida sp.,Unknown flagellate (<10micro m),Cryptophyte (>7micro m) sp. 1,Cryptophyte (15 micro m) sp.5,Cryptophyte sp. 2,Cryptophyte sp. 3,Unknown small (>10 micro m) flagellate,Cryptophyte (7-10 micro m) sp. 4,Gloeocapsa sp.,Gonium sp.,Green oval,Gymnodinium sp.,Haematococcus sp.,Katablepharis sp.,Keratococcus sp.,Kirchneriella sp.,Komvophoron sp.,Lepocinclis sp.,Merismopedia sp.,Microcystisch sp.,Monoraphidium sp. 2,Monoraphidium griffithi,Monoraphidium sp. 1,Mougeotia sp.,Nephroclamys sp.,Nephrocytium sp.,Ochromonas sp.,Oocystis sp.,Pediastrum boryanum,Peranema sp.,Peridinium sp.,Phacus pseudonordstedtii ,Pleurotaenium sp.,Pseudanabaenoideae sp.,Radiococcus sp.,Rodomonas sp.,Scenedesmus sp. 1,Scenedesmus sp. 2,Scenedesmus acuminatus,Sphaerocystis sp.,Spirogyra sp.,Spirulina  sp.,Staurastrum sp.,Staurodesmus sp.,Synura sp.,Tetraëdron caudatum,Tetraëdron minimun,Tetraëdron triangulare,Tetraspora sp.,Trachelomonas sp.,Uroglena sp.,Westella botryoides,Woronichinia sp.
-1,0,10,16-19,22,0,8107,0,37833,0,2702,0,2702,1351,1351,56750,0,0,1351,63506,4054,0,0,2702,0,1351,25673,0,1351,5405,86476,0,0,0,0,0,0,0,0,0,0,0,0,0,6756,0,0,13512,0,0,0,0,0,0,0,6756,0,0,36482,0,20268,0,0,1351,0,0,0,0,0,0,0,1249848,208083,8107,5405,9458,0,0,0,0,0,1351,0,0,1351,0,0,12161,0,0,10809
-1,0,10,16-19,27,0,19210,0,26894,0,3842,0,3842,0,0,88364,0,0,0,46103,0,0,0,0,0,0,42261,0,3842,7684,53787,0,0,0,0,0,0,0,0,0,0,0,0,0,0,0,0,38419,3842,0,0,0,7684,0,0,3842,0,0,38419,0,7684,0,0,0,0,0,0,0,7684,0,0,1198682,257409,15368,7684,7684,0,0,0,0,0,0,0,0,0,0,0,19210,3842,0,0
-1,0,10,16-19,30,0,13284,0,61992,0,4428,0,8856,0,0,123984,0,0,0,115128,0,0,0,0,0,0,137268,0,0,8856,66420,0,0,0,0,0,0,4428,0,0,0,0,0,0,0,0,0,13284,0,0,0,0,0,0,0,0,0,0,44280,0,4428,0,0,0,0,0,0,0,4428,0,0,1509944,159408,17712,4428,0,0,0,0,0,0,0,0,0,4428,0,0,4428,0,0,0
-1,0,10,16-19,39,0,18233,0,47406,0,10940,0,7293,0,0,131277,0,0,0,54699,0,0,0,3647,0,0,72932,0,0,7293,69285,0,0,0,0,0,0,0,0,0,7293,0,0,0,0,0,0,10940,10940,0,0,0,0,0,0,0,0,0,58345,0,25526,0,0,0,0,7293,0,0,10940,0,0,867886,113044,14586,0,7293,0,0,0,0,0,3647,0,0,0,0,0,14586,0,0,7293
7,0,10,16-19,22,0,1908,0,2385,239,1193,0,5248,0,0,477,7633,239,0,6202,0,0,0,0,0,0,0,0,0,239,9303,0,0,0,0,0,0,0,1908,0,2385,0,477,0,0,2385,0,0,0,0,954,0,0,0,477,0,0,0,1193,0,239,0,0,0,0,239,0,0,0,0,0,48900,954,0,477,0,0,0,0,0,239,239,0,0,239,0,0,239,0,477,0
7,0,10,16-19,27,0,2422,0,11506,6662,1211,0,19379,0,606,2422,59348,0,0,7873,0,0,0,0,0,606,606,0,0,0,16957,0,0,0,0,0,0,0,1817,0,14534,0,0,4845,0,1211,0,0,0,0,2422,0,0,0,0,0,0,0,1211,0,606,0,0,0,0,606,0,0,0,0,0,79333,1211,0,606,606,0,0,0,0,0,606,0,0,0,606,0,0,0,0,0
7,0,10,16-19,30,0,4538,0,22042,11021,4538,0,47973,0,0,0,34359,648,0,15559,0,0,0,0,0,0,1945,0,0,648,14262,0,0,0,0,0,0,0,2593,0,0,0,648,2593,0,3241,0,0,0,0,648,0,0,0,648,0,0,0,3241,0,648,0,0,0,0,0,0,0,0,0,0,77145,0,0,1297,648,0,0,0,0,0,0,0,0,1945,0,0,648,0,0,0
7,0,10,16-19,39,0,516,0,7230,775,775,0,11103,0,0,258,14976,258,0,7230,0,0,0,0,0,0,0,0,0,258,12910,0,0,0,0,0,0,775,1807,0,3098,0,0,775,0,1807,0,0,0,0,1033,516,0,0,258,0,258,0,516,0,258,0,0,0,0,258,0,516,0,0,0,32534,0,0,258,258,0,0,0,0,0,0,0,0,775,0,0,0,0,0,0
14,0,10,16-19,22,0,86,0,865,0,86,0,86,0,0,259,0,86,0,3978,0,0,0,86,0,173,173,0,173,519,5621,0,0,0,0,0,0,432,0,0,346,0,0,0,0,519,0,0,0,0,0,0,0,0,0,0,0,0,0,0,0,0,0,0,0,432,0,0,0,0,0,19457,259,86,432,173,0,0,0,0,86,86,0,0,259,0,0,173,173,0,0
14,0,10,16-19,27,110,110,0,1865,0,658,0,110,0,0,219,0,110,110,2085,0,0,0,0,0,219,110,0,0,219,9546,0,0,0,0,0,0,110,0,0,0,0,0,0,0,219,0,0,110,0,0,0,0,0,0,0,0,0,0,0,0,110,0,0,0,439,0,0,0,0,0,26664,0,0,658,329,0,0,0,0,110,0,0,0,658,110,0,219,0,0,329
14,0,10,16-19,30,56,451,0,1240,0,113,0,169,0,0,113,0,0,0,2312,0,0,0,0,0,226,169,0,0,395,3327,0,0,113,0,0,0,56,0,113,56,0,0,0,0,451,0,0,0,0,0,0,0,0,0,0,0,0,56,0,113,0,0,0,0,56,56,0,0,0,0,11672,56,56,169,169,0,0,0,0,0,56,0,0,169,0,0,169,0,56,56
14,0,10,16-19,39,0,96,0,1194,0,334,0,96,0,0,239,0,48,0,3295,0,0,0,0,0,143,191,0,0,48,3534,48,0,0,0,0,0,0,0,0,96,0,0,0,0,48,0,0,0,0,0,0,0,0,0,0,0,0,48,0,96,48,0,0,0,96,48,0,0,0,0,7258,48,96,0,48,0,0,0,0,191,48,0,0,287,0,0,191,143,48,478
21,0,10,16-19,22,96,0,0,1719,0,573,0,382,0,0,96,1815,382,0,4011,0,0,0,0,0,96,0,382,0,0,4202,0,0,0,0,0,0,287,0,0,4107,0,0,382,96,2197,0,0,0,96,96,0,0,0,96,0,0,0,191,0,0,0,0,0,0,669,0,191,0,0,0,13275,0,0,96,191,0,0,0,0,96,287,0,0,478,287,0,0,96,0,0
21,0,10,16-19,27,0,147,0,3241,0,737,0,295,0,0,147,1620,295,0,4714,0,0,147,0,0,147,0,147,0,295,10311,0,0,0,0,0,0,147,147,0,2357,0,147,737,147,2062,0,0,0,0,147,147,0,0,0,0,0,0,0,0,295,0,0,0,0,295,0,147,0,0,0,24010,147,147,147,295,0,0,0,0,147,0,0,0,737,0,0,147,0,0,0
21,0,10,16-19,30,76,0,76,2660,304,760,0,532,0,0,0,912,228,0,3952,0,0,0,0,0,76,76,0,0,0,7069,0,0,0,0,0,0,76,0,0,1292,0,0,76,76,988,0,0,0,0,76,0,0,0,0,0,0,0,0,0,152,228,0,0,0,152,0,0,0,0,0,8741,0,0,0,304,0,0,0,0,76,152,0,0,532,0,0,152,152,0,0
21,0,10,16-19,39,0,0,179,3667,0,268,0,179,0,0,89,1252,0,0,9927,0,0,0,0,0,268,805,0,0,89,6439,0,0,0,0,0,0,0,984,0,1252,0,89,626,179,1163,0,0,0,0,89,179,0,0,89,0,0,0,0,0,0,89,0,0,0,447,89,89,0,0,0,3756,268,89,268,89,0,0,0,0,179,179,0,0,268,0,0,447,89,0,0
28,0,10,16-19,22,75,0,75,1277,150,225,0,75,0,0,0,301,75,0,7213,0,0,0,0,0,75,75,0,0,225,6311,0,0,0,0,0,0,75,225,0,902,0,0,0,75,0,0,0,0,0,225,0,0,0,0,0,0,0,0,0,75,826,0,75,0,150,0,0,0,0,75,10068,150,0,601,150,0,0,0,0,0,75,0,0,0,75,0,225,150,0,0
28,0,10,16-19,27,0,0,0,8302,22017,7580,0,722,0,0,0,1805,361,0,17325,0,0,0,0,0,0,0,722,0,0,16964,0,0,0,0,0,0,1083,722,0,34289,0,361,0,0,0,0,0,0,0,0,0,0,0,0,0,0,0,361,0,0,722,0,0,0,0,0,0,0,0,0,29597,5053,0,361,361,0,0,0,0,0,0,0,0,0,0,0,0,361,0,0
28,0,10,16-19,30,0,89,0,1159,9897,1248,0,267,89,178,0,357,178,0,8470,0,0,0,0,0,0,89,0,0,535,4547,0,0,0,0,0,0,267,713,0,1516,0,0,178,446,89,0,0,0,0,267,0,0,0,0,0,0,0,89,0,0,1872,0,0,0,446,89,0,0,0,89,535,89,178,535,89,0,0,0,0,0,0,0,0,89,89,0,267,267,89,89
28,0,10,16-19,39,490,0,0,21546,123890,979,0,979,490,0,0,979,0,0,23015,0,0,0,0,0,0,490,0,0,490,5387,0,0,0,0,0,0,0,0,0,7835,0,0,0,0,0,0,0,0,0,979,0,0,0,0,0,0,0,490,0,0,490,0,0,0,0,0,0,0,0,0,4407,4407,0,0,0,0,0,0,0,0,0,0,0,0,0,0,0,0,0,0
35,0,10,16-19,22,202,40,0,686,0,0,0,0,0,0,121,40,404,0,7062,0,0,0,121,0,40,81,0,0,404,4035,0,0,202,0,40,0,81,0,0,81,0,0,0,40,0,0,0,0,0,40,0,0,0,0,0,0,0,40,0,40,81,0,0,0,0,40,0,0,0,0,726,202,40,242,646,0,0,0,0,40,0,0,0,282,0,0,121,0,0,0
35,0,10,16-19,27,267,0,0,9894,0,0,0,0,0,0,535,802,267,0,12301,0,0,0,0,0,0,2407,0,0,0,9360,0,0,0,0,0,267,0,14708,0,12569,0,0,0,0,0,0,0,0,267,535,0,0,0,267,0,0,0,535,0,535,0,0,0,0,267,267,0,0,0,0,28079,7755,535,535,802,0,0,0,0,0,267,0,0,0,0,0,0,0,0,267
35,0,10,16-19,30,183,0,0,2377,0,0,0,91,0,0,91,366,274,0,7770,0,0,0,91,0,0,0,0,0,2468,4571,0,0,0,0,0,0,274,1463,0,914,0,0,0,183,640,0,0,0,0,1006,0,0,0,0,0,0,0,366,0,0,548,0,0,0,183,274,91,0,0,0,8227,366,274,914,1280,0,0,0,0,91,0,0,91,91,0,91,183,366,0,0
35,0,10,16-19,39,249,0,0,23894,0,249,0,249,0,0,1493,498,249,0,16427,0,0,0,249,0,0,11947,0,0,1742,11449,0,0,0,0,0,0,249,498,249,996,0,0,0,498,249,0,0,498,0,249,0,0,0,0,0,0,0,747,0,996,0,0,0,0,0,747,498,0,0,0,3982,11449,996,3982,498,0,0,0,0,498,0,0,249,0,0,0,249,0,0,0
-1,75,10,16-19,26,0,12800,0,25600,0,3200,0,6400,0,0,51201,0,0,0,70401,0,0,0,3200,0,0,16000,0,0,6400,35201,3200,0,0,0,0,0,0,0,3200,6400,0,0,0,0,0,0,3200,0,0,0,0,0,0,0,0,0,0,38401,0,3200,0,6400,0,0,0,0,0,0,0,0,969618,140803,6400,0,6400,0,0,0,0,0,0,0,0,3200,0,0,3200,3200,0,12800
-1,75,10,16-19,31,0,5340,0,16019,0,2670,0,5340,0,0,37377,0,0,0,29368,0,0,0,2670,0,0,34708,0,0,2670,42717,0,0,0,0,0,0,0,0,2670,8009,0,0,0,0,0,0,0,5340,0,0,0,0,0,2670,2670,0,0,26698,0,10679,0,0,0,0,0,0,0,8009,0,0,656775,69415,13349,0,5340,0,0,0,0,0,0,0,0,0,0,0,13349,0,0,0
-1,75,10,16-19,36,0,0,0,23442,0,3349,0,6698,6698,0,40187,0,0,0,30140,0,0,0,0,0,3349,26791,0,0,10047,23442,0,0,0,0,0,0,0,0,6698,0,0,0,0,0,0,0,3349,0,0,0,0,0,0,0,3349,3349,0,46885,0,23442,0,0,0,0,0,0,0,10047,0,0,1208952,36838,16744,3349,13396,0,0,0,0,3349,0,0,0,0,0,0,3349,0,0,0
7,75,10,16-19,26,0,1143,0,714,1143,1572,0,1715,0,143,286,1286,0,0,5001,0,0,0,0,0,0,143,143,0,286,14860,0,0,0,0,0,0,143,1715,0,8145,0,0,429,286,1429,0,0,0,0,1143,286,0,0,143,0,0,0,0,0,0,0,0,0,0,0,0,143,0,0,0,18147,857,0,0,286,0,0,0,0,0,143,0,0,286,0,0,0,0,0,0
7,75,10,16-19,31,0,282,141,2675,282,986,0,2675,0,0,282,1690,0,0,8166,0,0,0,0,0,0,141,0,0,141,9715,0,0,0,0,0,0,282,1690,0,3661,0,0,563,282,1267,0,0,0,0,282,986,0,0,0,0,0,0,563,141,141,0,0,0,0,141,0,0,0,0,0,17459,1267,141,141,141,0,0,0,0,422,141,0,0,0,0,0,282,0,0,0
7,75,10,16-19,36,94,375,94,5532,281,1031,0,2063,0,94,281,2907,0,0,6751,0,0,0,0,0,0,0,0,0,281,4032,0,0,0,0,0,0,375,656,0,1219,0,94,0,94,1594,0,0,0,0,281,188,0,0,0,0,0,0,188,0,0,0,0,0,0,188,0,94,0,0,0,6095,375,94,0,94,0,0,0,0,281,375,0,0,94,0,0,281,0,0,0
14,75,10,16-19,26,0,101,0,2636,0,1115,0,406,0,0,203,0,0,0,2839,0,0,0,0,0,304,203,0,101,406,8517,0,0,0,0,0,0,608,0,0,304,0,507,0,0,101,0,0,0,0,0,0,0,0,0,0,304,0,101,0,0,0,0,0,0,0,0,0,0,0,0,18961,304,203,0,101,0,0,0,0,203,101,0,0,203,101,0,1115,0,101,0
14,75,10,16-19,31,53,0,0,2907,0,264,0,0,0,0,53,0,370,0,3541,0,0,0,0,0,106,106,0,0,211,6395,0,0,53,0,0,0,211,0,0,264,0,53,0,0,0,0,0,0,0,211,0,0,0,0,211,106,53,264,0,53,53,0,0,0,211,0,0,53,0,0,3911,106,53,370,106,0,0,0,0,53,53,0,0,106,53,0,0,0,0,0
14,75,10,16-19,36,61,61,0,4551,0,61,0,184,61,0,184,123,307,0,6703,0,61,0,123,0,0,0,0,0,492,3321,0,0,0,0,0,0,369,0,0,799,0,0,0,61,61,0,0,123,0,307,0,0,0,0,369,0,0,61,0,61,0,0,0,0,246,61,0,0,0,0,4243,0,0,184,123,0,0,0,0,0,61,0,0,369,61,0,0,0,0,61
21,75,10,16-19,26,180,0,180,6311,361,2164,0,721,0,0,0,1262,180,0,7033,0,0,0,180,0,361,541,0,0,1803,24524,0,0,0,0,0,0,0,180,0,11901,0,180,721,361,721,0,0,180,0,0,361,0,0,0,0,0,0,361,0,180,0,0,0,0,361,0,180,0,0,0,7033,180,0,180,721,0,0,0,0,180,180,0,0,0,0,0,180,0,361,0
21,75,10,16-19,31,0,0,334,6566,0,779,0,445,0,0,779,1002,111,0,8458,0,111,0,0,0,223,0,0,0,445,10239,0,0,0,0,0,0,779,223,0,4563,0,0,111,223,556,0,0,0,0,668,0,0,0,0,0,111,0,223,0,556,0,0,0,0,0,0,0,0,0,0,4452,223,0,223,223,0,0,0,0,111,334,0,0,111,0,0,0,223,0,0
21,75,10,16-19,36,180,0,360,841,120,360,0,120,0,0,601,841,300,0,7448,0,0,0,60,0,60,0,0,0,240,3604,0,0,120,0,0,0,240,300,0,2823,0,120,240,360,120,0,0,0,0,240,120,0,0,0,0,0,0,60,0,120,0,0,0,0,240,60,60,0,0,0,1441,0,0,300,240,60,0,0,0,60,240,0,0,180,120,0,120,60,60,0
28,75,10,16-19,26,886,0,0,3542,443,0,0,0,0,0,0,3542,0,0,37195,0,0,0,0,0,0,2657,0,0,443,3985,0,0,0,0,0,0,0,2214,0,104058,0,443,0,0,2657,0,0,0,0,1771,443,0,0,0,0,0,0,0,0,0,0,0,0,0,443,0,0,0,0,0,1328,7085,443,443,443,0,0,0,0,0,886,0,0,0,0,0,443,0,0,0
28,75,10,16-19,31,0,0,0,1307,174,174,0,436,174,0,87,697,87,0,16560,0,87,0,87,0,261,174,0,0,174,3138,0,0,0,0,0,0,87,87,0,4619,0,0,0,436,87,0,0,87,0,349,87,0,0,87,0,0,0,261,0,87,87,0,0,0,87,87,0,0,0,0,1220,697,0,610,261,0,0,0,0,87,523,0,0,0,0,0,0,0,174,87
28,75,10,16-19,36,398,0,72,36,1699,0,0,181,36,0,72,651,36,0,3977,0,0,0,36,0,217,36,0,0,795,2061,0,0,0,0,0,0,181,108,0,868,0,0,0,145,362,0,0,36,0,470,0,0,0,0,0,0,0,0,36,0,0,36,0,0,181,36,0,0,0,0,362,108,0,108,217,0,0,0,0,108,108,0,36,0,0,0,181,0,0,0
35,75,10,16-19,26,0,0,0,3673,0,0,0,0,0,0,0,1224,0,0,24484,0,0,0,0,0,1224,101609,0,0,3673,26933,0,0,0,0,0,0,2448,29381,0,253411,0,0,0,0,17139,0,0,1224,0,7345,0,0,0,0,0,0,0,0,0,1224,0,0,0,0,3673,2448,0,1224,0,0,1224,13466,1224,3673,2448,0,0,0,0,1224,2448,0,0,0,0,0,2448,0,0,0
35,75,10,16-19,31,135,0,0,674,0,0,0,0,0,0,539,808,0,0,10778,0,0,0,269,0,404,1886,0,0,943,6332,0,0,0,0,0,0,0,1617,0,3233,0,0,0,0,17784,0,0,135,135,2560,0,0,0,0,0,135,0,135,0,0,0,0,0,0,2560,0,0,0,0,0,808,1617,269,135,404,0,0,0,0,0,135,135,0,0,0,0,269,0,269,0
35,75,10,16-19,36,2501,0,0,500,0,0,0,0,0,0,0,0,0,0,3001,0,0,0,250,0,0,0,0,0,1500,4751,0,0,0,0,0,0,0,500,0,32007,0,250,0,0,16253,0,0,500,0,1500,0,0,0,0,0,0,0,500,0,0,0,0,0,0,3501,0,0,0,0,0,250,500,0,0,500,0,0,0,0,250,250,0,250,0,0,0,0,0,0,0
-1,300,10,16-19,23,0,10731,0,59022,0,0,0,0,0,0,26828,0,0,0,96582,0,0,0,0,0,0,107314,0,0,5366,80485,0,0,0,0,0,0,5366,0,0,5366,0,0,0,0,0,0,5366,10731,5366,0,0,0,0,0,0,0,0,48291,0,5366,0,0,0,0,0,0,0,21463,0,0,1475562,246821,32194,5366,16097,0,0,0,0,0,0,0,0,5366,0,0,16097,0,0,5366
-1,300,10,16-19,32,0,5730,0,51573,0,2865,0,5730,2865,0,51573,0,0,0,80225,0,0,0,0,0,5730,11461,0,0,8596,25787,0,0,0,0,0,0,2865,0,11461,5730,0,2865,0,2865,0,0,0,2865,0,0,0,8596,0,0,0,0,0,48708,0,14326,0,0,0,0,0,0,0,5730,0,0,793652,34382,11461,0,5730,0,0,0,0,2865,0,0,0,2865,0,0,11461,0,0,2865
-1,300,10,16-19,40,0,36838,0,85955,0,4093,0,8186,0,0,57303,0,0,0,28652,0,0,0,0,0,0,45024,0,0,0,73676,4093,0,0,0,0,0,4093,0,0,8186,0,0,0,0,0,0,24559,0,0,0,0,4093,0,0,0,0,0,24559,0,28652,0,0,0,0,0,0,0,0,0,0,1084671,61396,12279,8186,8186,0,0,0,0,0,0,0,0,0,0,0,0,0,0,16372
7,300,10,16-19,23,0,0,0,4168,1667,625,0,4793,0,0,0,21463,417,0,2501,0,0,0,0,0,0,0,0,0,417,14378,0,0,0,0,0,0,208,3542,0,10002,0,0,1667,0,1667,0,0,0,0,417,0,0,0,0,0,208,0,834,0,0,208,0,0,0,0,0,208,0,0,0,11877,1042,208,208,208,0,0,0,0,0,0,0,0,208,0,0,0,0,0,0
7,300,10,16-19,32,174,0,0,3473,1042,695,0,3820,0,0,347,6251,174,0,3473,0,0,0,0,0,0,0,174,0,347,11287,0,0,0,0,0,0,174,2952,0,3994,0,695,0,0,1216,0,0,0,0,521,174,0,0,0,0,0,0,521,0,174,0,0,0,0,0,0,0,0,0,0,30909,695,174,347,174,0,0,0,0,0,174,0,0,0,174,0,0,0,174,0
7,300,10,16-19,40,0,201,0,5939,403,503,0,1812,0,0,705,2315,403,0,5435,0,0,0,101,0,101,302,101,0,604,9160,0,0,0,0,0,0,201,503,0,1309,0,0,906,0,805,0,101,0,101,201,705,0,0,101,0,101,0,302,0,0,0,0,0,0,1409,101,0,0,0,0,2818,503,0,101,0,0,0,0,0,101,805,0,0,0,0,0,0,0,101,0
14,300,10,16-19,23,0,0,0,22366,0,3195,0,0,799,0,0,0,0,0,4793,0,0,0,0,0,0,0,0,0,799,14378,0,0,0,0,0,0,799,0,0,249218,0,3195,0,0,0,0,0,799,0,0,0,0,0,0,0,0,0,1598,0,799,0,0,0,0,0,0,0,0,0,0,14378,1598,0,0,0,0,0,0,0,0,0,0,0,0,0,0,1598,0,0,0
14,300,10,16-19,32,0,0,0,10679,0,1424,0,712,0,0,1424,0,0,0,16375,0,0,0,0,0,0,0,0,0,712,11391,0,0,0,0,0,0,2136,0,0,186531,0,2848,0,0,0,0,0,0,0,0,0,0,0,0,0,712,0,712,0,712,0,0,0,0,0,712,0,0,0,0,43429,712,712,0,2848,0,0,0,0,0,1424,0,0,0,0,0,0,0,712,0
14,300,10,16-19,40,469,0,0,8908,0,1719,0,781,0,0,1094,0,0,0,10940,0,0,0,469,0,156,156,0,0,938,10158,0,0,0,0,0,0,1094,0,0,10940,0,625,0,0,469,0,156,0,0,1407,0,0,156,0,0,156,0,781,0,469,0,0,0,0,0,156,0,0,0,0,5782,313,781,313,781,0,0,0,0,156,156,0,156,156,156,0,156,0,156,156
21,300,10,16-19,23,0,0,0,31256,3907,2605,0,9116,0,0,0,7814,0,0,14326,0,0,0,0,0,0,1302,2605,0,1302,9116,0,0,0,0,0,0,1302,0,0,481869,0,3907,2605,0,2605,0,0,0,0,0,0,0,0,0,0,0,0,3907,0,2605,0,0,0,0,1302,0,0,0,0,0,1302,0,5209,0,0,0,0,0,0,0,0,0,0,0,0,0,1302,0,0,0
21,300,10,16-19,32,0,0,0,44045,0,4636,0,4636,0,0,2318,2318,0,0,39409,0,0,0,0,0,2318,0,18545,0,6955,18545,0,0,0,0,0,0,0,9273,0,829909,0,25500,4636,0,0,0,0,0,0,6955,0,0,0,0,0,0,0,9273,0,0,0,0,0,0,0,0,0,0,0,0,13909,6955,0,0,4636,0,0,0,0,2318,0,0,0,2318,0,0,0,0,0,0
21,300,10,16-19,40,0,0,1518,13664,759,759,0,759,0,0,2277,759,759,0,23532,0,0,0,759,0,0,0,0,0,2277,11386,0,0,0,0,0,0,0,0,0,219375,0,759,2277,0,1518,0,0,0,0,2277,0,0,0,0,0,0,0,0,0,1518,0,0,0,0,0,0,0,0,0,0,1518,0,0,759,1518,0,0,0,0,1518,759,0,0,0,0,0,0,0,759,0
28,300,10,16-19,23,0,0,0,23070,744,0,0,1488,0,0,0,5209,0,0,26791,0,0,0,0,0,0,2977,2233,0,3721,11907,0,0,0,0,0,0,0,1488,0,180841,0,2977,744,744,0,0,0,0,0,6698,0,0,0,0,0,0,0,3721,0,0,0,0,0,0,0,1488,744,0,0,0,744,1488,744,1488,744,0,0,0,0,0,1488,0,0,0,0,0,744,0,0,0
28,300,10,16-19,32,0,0,0,48057,0,0,0,1602,0,0,0,8009,0,0,81696,0,0,0,0,0,1602,0,17621,0,4806,6408,0,0,0,0,0,0,1602,12815,0,253099,0,80094,0,0,0,0,0,1602,0,3204,0,0,0,0,0,0,0,11213,0,6408,0,0,0,0,0,0,0,0,0,0,3204,11213,0,0,12815,0,0,0,0,0,1602,0,1602,0,0,0,4806,0,0,0
28,300,10,16-19,40,602,0,602,6020,0,602,0,602,0,0,602,0,0,0,36720,0,0,0,602,0,602,0,602,0,3010,14447,0,0,0,0,0,0,0,6020,0,123405,0,3612,0,0,602,0,0,0,0,1806,0,0,0,0,0,0,0,1806,0,1806,0,0,0,0,0,0,0,0,0,0,602,4214,0,602,1806,0,0,0,0,0,0,0,602,0,0,0,0,0,0,0
35,300,10,16-19,23,0,0,438,2188,0,0,0,438,0,0,875,5689,0,0,35445,0,0,0,0,0,875,3501,0,0,3501,13565,0,0,0,0,0,0,0,1750,0,75703,0,1313,0,0,875,0,0,438,0,3501,0,0,0,0,0,0,0,4376,0,2188,0,0,0,0,3063,438,0,438,0,0,0,2626,1313,438,2626,875,0,0,0,0,0,0,0,0,0,0,0,0,0,0
35,300,10,16-19,32,0,0,1580,4741,0,0,0,0,0,0,790,0,1580,0,39505,0,0,0,1580,0,790,0,0,0,45825,8691,0,0,0,0,0,0,790,11061,790,123254,0,6321,0,0,12641,0,0,0,0,5531,0,0,0,0,0,0,0,1580,0,2370,0,0,0,0,2370,2370,0,0,0,0,0,3160,790,0,13432,790,0,0,0,0,0,0,0,790,790,0,0,0,0,0
35,300,10,16-19,40,374,0,0,748,0,0,0,0,0,0,1871,0,0,0,29930,0,0,0,1122,0,374,0,0,0,26189,11224,0,0,0,0,0,0,374,4490,0,41528,0,1122,0,0,374,0,0,2993,0,4864,0,0,0,0,0,0,0,1871,0,2619,0,0,0,0,2993,1122,374,0,0,0,374,1497,748,374,2993,1122,0,0,0,374,374,0,374,0,0,374,748,0,0,0
-1,0,10,21-24,6,0,12354,0,18531,0,6177,0,6177,0,0,95741,0,0,0,30884,0,0,0,3088,0,0,40150,0,0,6177,61769,0,0,0,0,0,0,0,0,0,6177,0,3088,0,0,0,0,15442,3088,0,0,0,0,0,0,0,0,0,24707,0,0,0,3088,0,0,6177,0,0,3088,0,0,762842,92653,12354,3088,3088,0,0,0,0,0,3088,0,0,0,0,0,21619,0,0,6177
-1,0,10,21-24,8,0,10419,0,9116,0,0,0,6512,0,0,79443,0,0,11721,36466,13023,0,0,1302,0,1302,62513,0,0,2605,32559,0,0,0,0,0,0,0,0,11721,0,0,0,0,6512,0,0,23442,0,1302,0,0,0,0,0,1302,0,1302,50792,0,10419,0,0,0,0,0,0,0,2605,0,1302,1409142,222702,37768,1302,1302,0,0,0,0,1302,1302,0,0,5209,0,0,14326,0,0,2605
-1,0,10,21-24,12,0,7206,0,26423,0,0,0,1201,0,0,28825,0,0,1201,32428,0,0,0,0,0,0,22820,0,0,6005,38434,0,0,0,0,0,0,1201,0,0,1201,0,0,0,1201,0,0,15614,2402,0,0,0,0,0,0,0,0,0,22820,0,8407,0,0,0,0,0,0,0,7206,0,0,914003,196973,10809,1201,3603,0,0,0,0,1201,0,0,0,2402,0,0,7206,0,0,4804
-1,0,10,21-24,19,0,16462,0,41154,0,0,0,4115,0,0,94655,0,0,0,41154,0,0,0,0,0,0,20577,0,0,16462,214002,0,0,0,0,0,0,0,0,0,4115,0,0,0,0,0,0,12346,8231,4115,0,0,0,0,0,0,0,0,45270,0,0,0,0,0,0,0,0,0,0,0,0,917740,119347,20577,4115,12346,0,0,0,0,0,0,0,0,4115,0,0,12346,0,0,0
7,0,10,21-24,6,169,1857,169,2195,0,507,0,2364,0,0,1182,5235,675,0,12495,0,0,0,0,0,0,0,338,0,507,23471,0,0,0,0,0,0,507,338,0,4221,0,169,844,0,1013,0,0,0,0,675,0,0,0,169,0,0,0,507,0,169,338,0,0,0,507,169,169,0,0,0,3715,507,0,338,507,0,0,0,0,0,169,0,0,0,0,0,0,0,169,0
7,0,10,21-24,8,131,785,785,1833,262,131,0,1702,0,393,524,1571,262,0,6283,0,0,0,0,0,131,393,0,0,131,20290,0,0,0,0,0,0,1047,1178,0,5891,0,0,785,131,1440,0,0,0,0,393,262,0,0,0,0,0,0,131,0,0,0,0,0,0,524,0,0,0,0,0,4320,1309,524,0,0,0,0,0,0,0,524,0,0,262,0,0,524,0,0,0
7,0,10,21-24,12,295,443,295,1033,590,1033,0,1476,0,0,738,1919,295,0,7085,0,0,0,295,0,0,148,0,0,590,23911,0,0,0,0,0,0,295,443,0,2804,0,0,443,0,1476,0,0,0,0,590,0,0,0,0,0,0,0,738,0,148,0,0,0,0,295,295,0,0,0,0,9299,295,0,443,148,0,0,0,0,148,443,0,0,0,0,0,148,0,443,0
7,0,10,21-24,19,0,929,310,2788,0,310,0,1549,0,0,775,3253,0,0,12238,0,0,0,155,0,310,155,0,0,620,21997,0,0,0,0,0,0,775,155,0,3563,0,155,310,0,620,0,0,0,0,310,0,0,0,0,0,0,0,620,0,620,155,0,0,0,310,0,155,0,0,0,6196,465,0,310,465,0,0,0,0,310,0,0,0,310,0,0,0,0,0,0
14,0,10,21-24,6,0,79,0,473,0,395,0,631,79,0,158,0,0,0,11915,0,0,0,237,79,0,79,0,0,2367,7496,0,0,0,0,0,0,79,0,395,158,0,0,0,0,0,0,0,79,0,0,0,0,0,158,0,0,0,79,0,473,79,0,0,0,158,79,0,0,0,0,316,1263,631,237,1341,0,0,0,0,79,79,0,0,395,158,0,789,0,0,0
14,0,10,21-24,8,276,138,0,207,0,0,0,276,0,0,138,0,0,0,15600,0,0,0,207,0,69,276,0,0,1035,5108,0,0,0,0,0,0,0,0,0,0,0,69,0,0,0,0,69,0,0,0,0,0,0,0,0,69,0,0,0,0,345,0,207,0,0,0,0,0,0,0,345,207,345,138,483,0,276,0,0,138,207,0,0,483,207,0,759,69,276,69
14,0,10,21-24,12,123,61,0,674,0,245,0,368,0,0,797,0,0,61,7109,0,0,0,0,0,245,245,0,0,1961,7109,0,0,0,0,0,0,245,0,0,0,0,61,0,0,61,0,0,61,0,0,0,0,184,0,61,61,0,123,0,429,245,0,0,0,123,245,0,0,0,0,490,0,184,429,1103,0,0,0,0,0,184,0,0,368,61,0,490,0,184,0
14,0,10,21-24,19,161,69,0,69,0,23,0,208,0,0,69,0,69,0,1591,0,0,0,69,0,92,115,0,0,830,2698,0,0,0,0,0,0,46,0,0,0,0,0,0,0,69,0,0,0,0,0,0,0,0,0,92,0,0,92,0,23,392,0,0,0,254,92,0,69,0,0,184,0,138,161,530,0,0,0,0,46,69,0,0,323,23,0,277,0,0,0
21,0,10,21-24,6,0,0,0,0,14934,0,0,0,0,0,0,4480,2987,0,1493,0,0,0,0,0,0,0,0,0,4480,26880,0,0,0,0,0,0,0,49281,0,448008,0,1493,2987,0,280752,0,0,2987,0,0,0,0,0,0,0,0,0,4480,0,0,0,0,0,0,0,0,0,0,0,0,0,0,1493,0,0,0,0,0,0,0,0,0,0,0,1493,0,0,0,0,0
21,0,10,21-24,8,269,0,269,538,7671,0,0,673,0,135,0,807,1077,0,1077,0,0,0,0,0,269,0,0,0,1211,8344,0,0,0,0,0,0,269,2557,0,1480,0,135,269,0,16822,0,0,135,0,404,0,0,0,0,0,0,0,135,0,135,1077,0,0,0,0,0,0,0,0,0,135,135,135,269,269,0,0,0,0,0,0,0,135,269,0,0,0,404,0,0
21,0,10,21-24,12,400,0,400,701,1101,100,0,501,100,0,0,701,0,0,1302,0,0,0,0,0,400,200,0,0,2503,9912,0,0,0,0,0,0,200,300,0,6608,0,0,601,0,8610,0,0,0,0,0,0,0,0,0,0,0,0,200,0,0,801,0,0,0,400,100,0,0,0,0,200,0,0,200,501,0,0,0,0,0,0,0,0,300,100,0,300,400,0,0
21,0,10,21-24,19,0,0,0,868,35598,0,0,217,217,0,0,868,217,0,2388,0,0,0,217,0,217,0,0,0,1302,16279,0,0,0,0,0,0,217,217,0,4775,0,0,0,217,15194,0,0,0,0,0,0,0,217,0,0,0,0,434,0,0,1519,0,0,0,217,0,434,0,0,0,217,0,0,434,434,0,0,0,0,217,0,0,0,0,434,0,0,217,0,0
28,0,10,21-24,6,0,0,1875,7502,0,7502,0,938,0,0,0,1875,0,0,13128,0,0,0,0,0,0,938,8439,0,15941,25318,0,0,0,0,0,0,1875,309438,0,6564,0,0,3751,0,938,0,0,5626,0,0,0,0,0,0,0,0,0,938,0,0,2813,0,0,0,938,0,0,0,0,0,0,938,3751,938,2813,0,0,0,0,0,0,0,938,938,0,0,938,0,0,0
28,0,10,21-24,8,0,0,422,422,131230,1266,0,0,0,0,0,2110,422,0,1266,0,0,0,0,0,0,0,422,0,844,6329,422,0,0,0,0,0,422,844,0,26584,0,0,422,0,1266,0,0,0,0,0,0,0,0,0,0,0,0,1266,0,0,4642,0,0,422,0,0,422,0,0,0,0,422,422,422,0,0,0,0,0,0,0,0,0,0,0,0,422,422,0,0
28,0,10,21-24,12,266,0,0,621,13224,89,0,89,0,89,0,355,178,0,888,0,0,0,89,0,0,89,178,0,355,6301,0,0,0,0,0,0,0,178,0,11005,0,0,0,0,444,0,0,0,0,0,0,0,0,0,0,0,0,0,178,89,89,0,0,0,0,0,0,0,0,0,89,0,89,89,0,0,0,0,0,0,89,0,0,89,0,89,178,178,0,0
28,0,10,21-24,19,122,0,122,2020,7774,306,0,0,306,0,673,184,184,0,1775,0,61,0,0,0,122,61,122,0,673,4530,0,0,0,0,0,0,122,245,0,551,0,0,61,61,367,0,0,0,0,0,0,0,0,0,0,0,0,61,184,0,1224,0,0,0,122,0,0,0,0,0,122,184,0,245,122,0,0,0,0,122,0,0,0,122,122,61,245,551,122,0
35,0,10,21-24,6,0,0,0,7714,0,309,0,309,0,0,1851,2777,0,0,5245,0,0,0,0,0,0,9874,0,0,6171,17279,0,0,0,0,0,0,0,58317,0,1234,0,0,0,0,0,0,0,0,309,309,0,0,0,309,0,0,0,3086,0,0,0,1543,0,0,0,0,309,0,0,0,1543,0,309,309,1543,0,0,0,0,0,309,0,309,0,0,0,1543,0,0,0
35,0,10,21-24,8,47,0,16,0,0,31,0,31,16,0,0,31,16,0,969,0,0,0,0,0,78,16,0,0,516,2766,0,0,0,0,0,0,16,47,16,63,0,0,0,0,0,0,0,0,0,31,0,0,0,31,0,0,0,16,0,31,500,0,0,0,63,16,0,0,0,0,0,16,0,16,47,0,0,0,0,47,31,0,0,78,0,16,172,47,0,0
35,0,10,21-24,12,71,0,0,106,0,71,0,35,71,0,142,142,106,0,1521,0,0,0,35,0,0,142,0,0,212,7324,0,0,0,0,0,0,35,106,0,1486,0,106,0,35,318,0,0,35,0,35,0,0,0,0,0,0,0,142,0,35,71,0,0,0,71,0,106,0,0,0,71,0,0,35,142,0,0,0,0,35,35,0,35,248,0,0,177,71,0,0
35,0,10,21-24,19,0,0,49,342,0,0,0,98,1125,0,832,196,196,0,2886,0,0,0,49,0,49,2103,0,0,1859,6016,0,0,0,0,0,49,98,1321,0,196,0,0,0,0,0,0,0,196,0,98,0,0,0,0,0,0,0,147,0,0,0,0,0,0,49,0,0,0,0,0,245,0,245,0,196,0,0,0,0,0,0,0,0,98,0,0,245,196,0,0
-1,75,10,21-24,10,0,2315,0,25468,0,4631,0,4631,0,0,43990,0,0,0,27783,0,0,0,0,0,2315,16207,0,0,2315,37045,0,0,0,0,0,0,2315,0,2315,0,0,0,0,2315,0,0,6946,0,0,0,0,0,0,0,0,0,0,23153,0,13892,0,0,0,0,0,0,0,2315,0,0,747838,71774,13892,2315,2315,0,0,0,0,0,0,0,0,0,0,0,6946,0,0,0
-1,75,10,21-24,17,0,5861,0,64466,0,5861,0,0,0,0,175817,0,0,0,123072,0,0,0,5861,0,0,99630,0,0,5861,93769,0,0,0,0,0,0,0,0,0,11721,0,0,0,0,0,0,17582,0,0,0,0,0,0,0,0,0,0,35163,0,5861,0,0,0,0,0,0,0,5861,0,0,1676124,140654,76187,0,0,0,0,0,0,5861,0,0,0,0,0,0,11721,0,0,0
-1,75,10,21-24,18,0,0,0,36900,0,7380,0,0,0,0,66420,0,0,0,47970,0,0,0,0,0,0,44280,0,0,0,40590,0,0,0,0,0,0,3690,0,3690,0,0,0,0,0,0,0,0,0,0,0,0,0,0,0,0,0,0,25830,0,0,0,0,0,0,0,0,0,7380,0,0,1391126,103320,14760,0,0,0,0,0,0,0,0,0,0,0,0,0,11070,3690,0,0
7,75,10,21-24,10,61,61,61,486,0,122,0,1519,0,0,182,1823,61,0,2006,0,0,0,61,0,122,0,0,0,243,8205,0,0,0,0,0,0,61,122,0,547,0,0,61,0,182,0,0,0,61,425,0,0,0,0,0,61,0,365,0,243,61,0,0,0,729,61,0,0,0,0,4801,365,0,61,122,0,0,0,0,182,304,0,0,0,0,122,61,0,61,0
7,75,10,21-24,17,179,179,717,3585,359,0,0,5916,0,179,179,5019,0,0,3585,0,0,0,0,0,179,0,0,0,179,20257,0,0,0,0,0,0,1076,1793,0,3765,0,359,1076,0,1613,0,0,0,0,1076,0,0,0,0,0,0,0,896,0,179,0,0,0,0,179,0,0,0,0,0,20974,1793,359,359,179,0,0,0,0,179,0,0,0,359,179,0,538,0,0,0
7,75,10,21-24,18,0,1963,436,1636,436,1199,0,2399,0,0,763,1745,109,0,4688,0,0,0,0,0,109,327,0,0,109,14938,0,0,0,0,0,0,327,218,0,327,0,0,327,109,109,0,109,0,0,763,0,0,0,0,0,0,0,545,0,109,0,0,0,0,0,0,0,0,0,0,6433,654,0,0,0,0,0,0,0,218,545,0,0,109,0,0,545,0,0,0
14,75,10,21-24,10,124,0,0,249,0,62,0,0,62,124,311,0,186,0,7706,0,0,0,62,0,621,124,0,0,2051,6463,0,0,124,0,0,0,559,0,0,249,0,62,0,62,186,0,0,249,62,62,0,0,0,0,0,0,0,124,0,311,124,0,0,0,373,0,0,124,0,0,124,62,186,1181,1243,0,0,0,0,373,311,0,124,497,62,0,311,62,0,0
14,75,10,21-24,17,170,114,0,170,0,114,0,170,0,0,170,0,0,0,13740,0,0,0,57,0,170,57,0,0,568,2952,0,0,114,0,0,0,397,0,0,57,0,57,0,57,284,0,0,57,0,57,0,0,0,0,0,0,0,0,0,170,0,0,0,0,170,170,0,0,0,0,397,114,227,57,852,0,0,0,0,57,170,0,0,114,0,0,795,0,284,114
14,75,10,21-24,18,230,0,0,138,0,184,0,92,0,0,230,0,184,0,8703,0,0,0,0,0,276,230,0,0,829,3085,0,0,92,0,0,0,0,0,0,0,0,46,0,0,230,0,0,0,0,46,0,0,0,0,46,92,0,92,0,92,0,0,0,0,230,184,0,0,0,0,553,0,138,414,691,0,0,0,0,92,92,0,46,276,46,0,414,0,92,46
21,75,10,21-24,10,0,0,4949,0,0,0,0,0,0,0,0,4949,0,0,0,0,0,0,0,0,0,0,0,0,4949,4949,0,0,0,0,0,0,0,0,0,2108243,0,0,0,0,267242,0,0,4949,0,0,0,0,0,0,0,0,0,0,0,0,0,0,0,0,0,0,0,0,0,0,0,0,0,0,0,0,0,0,0,0,0,0,0,0,0,0,0,0,0,0
21,75,10,21-24,17,0,0,0,4168,1389,0,0,4168,0,0,1389,6946,1389,0,20838,0,0,0,1389,0,0,1389,0,0,5557,13892,0,0,0,0,0,0,0,1389,0,545945,0,0,4168,0,6946,0,0,0,0,1389,0,0,0,0,0,0,0,4168,0,0,0,0,0,0,1389,0,0,0,0,0,1389,1389,0,0,1389,0,0,0,0,0,0,0,0,0,0,0,1389,0,0,0
21,75,10,21-24,18,1073,0,0,429,1502,215,0,0,0,0,215,1932,215,0,859,0,0,0,215,0,0,0,215,0,644,6653,0,0,0,0,0,0,0,1073,0,57520,0,0,0,0,11375,0,0,0,0,0,0,0,0,0,0,0,0,1073,0,0,0,0,0,0,0,0,0,0,0,0,0,0,0,215,0,0,0,0,0,0,0,0,215,429,0,0,429,0,0,0
28,75,10,21-24,10,906,0,0,906,0,0,0,0,0,0,0,2719,0,0,906,0,0,0,0,0,0,0,906,0,4532,1813,0,0,0,0,0,0,0,21754,0,348978,0,0,2719,0,906,0,0,2719,0,0,0,0,0,0,0,0,0,3626,0,906,0,0,0,0,0,0,0,0,0,0,0,0,0,1813,0,0,0,0,0,0,0,0,0,906,0,0,0,0,906,0
28,75,10,21-24,17,0,0,0,0,0,2527,0,0,0,0,0,1263,0,0,8843,0,0,0,0,0,0,1263,1263,0,6316,13896,0,0,0,0,0,0,0,13896,0,447201,0,1263,0,0,1263,0,0,2527,0,1263,0,0,0,0,0,0,0,2527,0,0,0,1263,0,0,0,0,0,0,0,0,0,1263,0,0,5053,0,0,0,0,0,0,0,0,0,0,0,1263,0,0,0
28,75,10,21-24,18,389,0,78,311,2489,622,0,0,0,78,0,778,156,0,2100,0,0,0,0,0,0,78,311,0,156,2178,0,0,0,0,0,0,156,1167,0,11668,0,78,0,0,389,0,0,78,0,78,78,0,0,0,0,0,0,233,156,78,78,0,78,0,233,0,78,0,0,0,78,0,78,0,156,0,0,0,0,0,0,0,0,0,0,0,311,0,156,0
35,75,10,21-24,10,0,0,0,781,0,0,0,0,0,0,0,781,781,0,5470,0,0,0,0,0,0,3907,0,0,781,8596,0,0,0,0,0,0,0,0,0,300061,0,0,0,0,14065,0,0,781,781,0,0,0,0,0,0,0,0,1563,0,0,0,0,0,0,41415,0,0,0,0,0,0,0,781,0,0,0,0,0,0,0,781,0,0,0,0,0,3907,0,0,0
35,75,10,21-24,17,0,0,0,1337,0,446,0,0,0,0,0,446,446,0,2228,0,0,0,0,0,0,24513,0,0,5794,8468,446,0,0,0,0,0,0,31199,0,58386,0,0,0,0,891,0,0,2674,446,446,0,0,0,0,0,0,0,446,0,0,0,0,0,0,14708,0,0,0,0,0,446,0,0,0,0,0,0,0,0,891,0,0,446,446,0,0,891,0,891,0
35,75,10,21-24,18,499,0,0,499,0,0,0,166,0,0,0,665,1164,0,1829,0,0,0,0,0,166,333,0,0,333,5987,0,0,0,0,0,0,166,499,0,10144,0,0,0,166,499,0,0,0,0,0,0,0,0,0,0,0,0,0,0,0,0,0,0,0,38748,166,166,166,0,0,166,0,166,166,166,0,0,0,0,665,166,0,0,0,166,0,166,166,0,0
-1,300,10,21-24,2,0,8733,0,36389,0,2911,0,1456,0,0,24745,0,0,0,45123,0,0,0,0,0,0,13100,0,0,4367,26200,1456,0,0,0,0,0,1456,0,0,4367,0,0,0,2911,0,0,2911,0,0,0,0,0,0,0,0,0,0,21834,0,2911,0,0,0,0,0,0,0,1456,0,0,650638,32022,2911,0,4367,0,0,0,0,0,0,0,0,0,0,0,7278,0,0,1456
-1,300,10,21-24,9,0,11851,0,20317,0,1693,0,0,0,0,35554,0,0,0,38940,0,0,0,0,0,0,11851,0,0,1693,22010,0,0,0,0,0,0,0,0,1693,1693,0,0,0,1693,0,0,3386,0,0,0,0,0,0,0,0,1693,0,11851,0,1693,0,0,0,0,0,0,0,0,0,0,533312,108355,6772,1693,1693,0,0,0,0,0,0,0,0,0,0,0,6772,0,0,3386
-1,300,10,21-24,20,0,21879,0,51052,0,21879,0,14586,0,0,160449,0,0,0,36466,0,0,0,0,0,7293,80225,0,0,7293,189622,0,0,0,0,0,0,0,0,7293,0,0,0,0,0,0,0,21879,0,0,0,0,0,0,0,0,0,0,43759,0,29173,0,0,0,0,0,0,0,0,0,0,1363820,955403,36466,7293,7293,0,0,0,0,0,0,0,0,7293,0,0,29173,0,0,14586
7,300,10,21-24,2,0,0,0,15837,660,1320,0,4619,0,330,990,9898,330,0,11877,0,0,0,330,0,0,0,0,0,1980,34972,0,0,0,0,0,0,660,660,0,29364,0,660,3299,0,1650,0,0,0,0,2969,0,0,0,0,0,0,0,1320,0,0,0,0,0,0,660,0,330,0,0,0,990,660,0,330,0,0,0,0,0,1320,330,0,0,0,0,0,660,0,0,0
7,300,10,21-24,9,227,454,454,14536,0,227,0,4543,0,0,227,9994,0,0,11129,227,0,0,0,0,0,454,0,0,681,26801,0,0,0,0,0,0,1817,454,0,7722,0,227,1817,227,681,0,0,0,0,1363,0,0,0,0,0,0,0,1363,0,0,454,0,0,0,227,227,0,0,0,0,3861,909,0,0,454,0,0,0,0,227,227,0,0,0,0,0,0,0,0,0
7,300,10,21-24,20,0,494,0,2800,0,329,0,1153,0,165,494,3295,329,0,9554,0,165,0,0,0,0,165,0,0,659,21580,0,0,0,0,0,0,494,329,0,6919,0,165,824,0,1647,0,0,0,0,659,0,0,0,0,0,0,0,824,0,0,165,0,0,0,329,0,0,0,0,0,11037,824,165,659,329,0,0,0,0,165,329,0,0,0,0,0,0,0,0,0
14,300,10,21-24,2,165,0,0,744,0,248,0,83,0,0,413,0,0,0,15794,0,0,0,83,0,413,248,0,0,1075,4052,0,0,0,0,0,0,413,0,83,1819,0,496,0,0,0,0,0,0,0,83,0,165,0,0,0,248,0,496,0,331,0,0,0,0,0,0,0,0,0,0,827,248,662,83,827,0,0,0,0,165,83,0,0,248,0,0,1240,83,248,0
14,300,10,21-24,9,171,0,0,1367,0,0,0,0,0,171,2393,0,0,0,17264,0,0,0,513,0,0,855,0,0,2222,5128,0,0,0,0,0,0,342,0,0,4444,0,342,0,0,1709,0,0,342,0,1197,0,0,0,0,0,0,0,1026,0,513,0,0,0,0,0,171,0,0,0,0,684,855,855,0,2051,0,0,0,0,513,0,0,0,171,0,0,1709,0,171,171
14,300,10,21-24,20,124,0,0,1114,0,62,0,0,0,0,433,0,124,0,12372,0,0,0,0,62,124,0,0,0,371,3712,0,0,0,0,0,0,309,0,0,742,0,0,0,0,309,0,0,62,0,1114,0,0,0,0,62,0,0,433,0,186,0,0,0,0,0,124,0,0,0,0,804,62,186,186,247,0,0,0,0,124,62,0,0,0,62,0,124,0,0,62
21,300,10,21-24,2,0,0,1237,0,18558,0,0,0,0,0,0,1237,0,0,7423,0,0,0,1237,0,0,53201,0,0,11135,18558,0,0,0,0,0,0,0,0,0,428082,0,0,1237,0,4949,0,0,0,0,0,0,0,0,0,0,0,0,8661,0,0,0,0,0,0,0,0,0,0,0,0,1237,0,0,1237,3712,0,0,0,0,0,0,0,0,1237,0,0,0,0,1237,0
21,300,10,21-24,9,0,0,0,5665,567,567,0,567,0,0,567,1700,0,0,6798,0,567,0,567,0,0,3399,5099,0,8498,10197,0,0,0,0,0,0,0,567,0,145596,0,567,1133,0,4532,0,0,567,0,1133,0,0,0,0,0,0,0,5665,0,567,0,0,0,0,0,0,0,0,0,0,567,567,1700,1133,1133,0,0,0,0,0,0,0,567,0,567,0,1133,0,0,0
21,300,10,21-24,20,0,0,497,6460,994,2484,0,994,0,0,497,994,0,0,2484,0,0,0,0,0,0,0,4969,0,3975,11429,0,0,0,0,0,0,497,0,0,150560,0,0,994,0,2981,0,0,0,0,994,0,0,0,0,0,0,0,4472,0,0,0,0,0,0,0,0,0,0,0,0,497,0,497,0,497,0,0,0,0,0,0,0,0,0,0,0,497,0,0,0
28,300,10,21-24,2,0,0,0,4428,0,0,0,0,0,0,0,2818,403,0,6038,0,0,0,403,0,0,18517,19322,0,4025,4428,0,0,0,0,0,0,0,14492,0,56356,0,0,0,0,403,0,0,0,0,0,805,0,0,0,0,0,0,8453,0,1208,0,0,0,0,0,0,0,0,0,0,403,0,2013,403,1208,403,0,0,0,0,0,0,403,0,0,0,403,0,403,0
28,300,10,21-24,9,0,0,0,3585,2741,211,0,211,0,0,211,2319,0,0,5904,0,0,0,0,0,0,211,1898,0,4850,1054,0,0,0,0,0,0,211,3585,0,45756,0,0,1054,0,0,0,0,422,0,1265,0,0,0,0,0,0,0,4850,0,0,0,0,0,211,0,0,0,0,0,0,0,211,3374,0,422,211,0,0,0,0,0,0,0,211,0,0,0,0,0,0
28,300,10,21-24,20,206,0,0,1030,0,0,0,206,0,0,0,824,0,0,2060,0,0,0,0,0,0,206,0,0,1030,2472,0,0,0,0,0,0,0,1236,0,62626,0,0,206,0,0,0,0,206,0,1442,0,0,0,0,0,0,0,1236,0,0,0,0,0,0,206,206,0,0,0,0,206,0,4738,0,0,206,0,0,0,206,0,0,0,206,0,0,1030,0,0,0
35,300,10,21-24,2,0,0,0,309,0,0,0,618,0,0,927,1235,927,0,6795,0,0,0,0,0,618,309,927,0,3706,4941,0,0,0,0,0,0,0,27487,0,49724,0,0,0,0,1853,0,0,309,0,0,0,0,0,0,0,0,0,3706,0,927,0,0,0,0,10809,309,0,0,0,0,0,0,1853,309,1235,1235,0,0,0,309,0,0,0,0,0,0,2780,0,618,0
35,300,10,21-24,9,232,0,0,0,0,0,0,0,0,0,1852,2315,0,0,4399,0,0,0,0,0,0,695,0,0,4862,1158,0,0,0,0,0,0,0,2778,926,53483,0,0,0,0,695,0,0,0,0,463,0,0,0,0,0,0,0,1621,0,695,0,0,0,0,1389,0,0,232,0,0,0,232,695,0,695,8798,0,0,0,0,0,0,0,0,0,0,0,0,232,0
35,300,10,21-24,20,0,0,0,0,0,0,0,0,0,0,309,309,0,0,2468,0,0,0,0,0,0,0,309,0,926,926,0,0,0,0,0,0,0,15736,0,94110,0,0,0,0,4628,0,0,309,309,0,0,0,0,0,0,0,0,617,0,0,0,0,0,0,1851,0,0,0,0,0,309,0,617,0,0,1543,0,0,0,309,0,0,0,0,0,0,2777,0,0,0
-1,0,200,16-19,25,0,5626,0,37508,0,5626,0,6564,0,0,40321,0,0,2813,34695,1875,0,0,0,0,938,25318,0,0,2813,46885,0,0,0,0,0,0,0,0,0,0,0,0,0,7502,0,0,13128,0,0,0,0,0,0,0,0,0,0,51573,0,9377,0,0,0,0,0,0,0,938,0,0,1396223,150968,15003,2813,4688,0,0,0,0,938,0,0,0,2813,0,0,15003,0,0,0
-1,0,200,16-19,33,0,25830,0,40590,0,3690,0,3690,0,0,77490,0,0,0,77490,0,0,0,0,0,0,14760,0,0,3690,84870,0,0,0,0,0,0,0,0,18450,14760,0,0,0,0,0,0,11070,0,0,0,0,0,0,0,0,0,0,36900,0,29520,0,0,0,0,3690,0,0,3690,0,0,944637,81180,11070,11070,3690,0,0,0,0,0,0,0,0,0,0,0,18450,0,0,3690
-1,0,200,16-19,34,0,6251,0,40633,0,9377,0,6251,0,0,78141,0,0,0,43759,0,0,0,0,0,3126,9377,0,0,18754,68764,0,0,0,0,0,0,0,0,9377,9377,0,0,0,0,0,0,3126,6251,0,0,0,0,0,0,0,0,0,31256,0,12503,0,0,0,0,0,0,0,0,0,0,750153,118774,15628,3126,21879,0,0,0,0,0,0,0,0,0,0,0,6251,0,3126,9377
-1,0,200,16-19,38,0,30931,0,61862,0,6186,0,6186,0,0,142282,0,0,0,117537,0,0,0,0,0,0,111351,0,0,12372,80420,0,0,0,0,0,0,0,0,12372,12372,0,0,0,0,0,0,6186,6186,0,0,0,0,0,0,0,0,0,43303,0,24745,0,0,0,0,0,0,0,12372,0,0,1806359,86606,49489,0,6186,0,0,0,0,0,0,0,0,6186,0,0,12372,0,0,6186
7,0,200,16-19,25,0,8752,972,12641,67097,1945,0,24311,0,0,2917,77794,0,0,39869,0,0,0,0,0,0,2917,0,0,972,15559,0,0,0,0,0,0,972,22366,0,46676,0,972,0,972,8752,0,0,0,0,2917,972,0,0,0,0,972,0,13614,0,3890,0,972,0,0,0,0,0,0,0,0,42787,2917,1945,0,0,0,0,0,0,0,0,0,0,0,972,0,0,0,0,0
7,0,200,16-19,33,0,933,187,2238,933,560,0,8953,0,0,746,6902,187,0,14922,0,0,0,187,0,0,0,0,0,373,17720,0,0,0,0,0,0,746,373,0,2238,0,187,746,0,2611,0,0,0,0,1119,373,0,0,187,0,0,0,187,0,0,0,0,0,0,373,0,0,0,0,0,6155,373,187,187,373,0,0,0,0,187,373,0,0,187,187,0,187,0,0,0
7,0,200,16-19,34,0,1264,0,3001,474,316,0,12953,0,0,158,11373,474,0,7740,0,0,0,0,0,0,474,0,0,158,11373,0,0,0,0,0,0,474,474,0,2369,0,158,158,0,948,0,0,0,0,158,0,0,0,0,0,0,0,948,0,0,0,0,0,0,158,0,0,0,0,0,6792,158,158,0,0,0,0,0,0,158,158,0,0,0,0,0,0,0,0,0
7,0,200,16-19,38,0,4568,0,12182,15227,2284,0,20557,0,0,1523,39972,0,0,7994,0,0,0,0,0,381,761,0,0,1142,17131,0,0,0,0,0,0,381,761,0,7614,0,1523,0,0,2665,0,0,0,0,381,381,0,0,0,0,0,0,4949,0,0,381,0,0,0,0,0,0,0,0,0,8375,761,381,0,2284,0,0,0,0,381,0,0,0,381,0,0,0,0,0,0
14,0,200,16-19,25,0,11767,0,2090,0,440,0,220,0,0,220,0,440,0,8138,0,0,0,0,110,220,220,0,0,220,2969,0,0,0,0,0,0,440,0,0,330,0,0,0,0,550,0,0,0,0,0,0,0,0,0,110,0,0,110,0,110,0,0,0,0,110,110,0,0,0,0,12427,220,110,110,220,0,0,0,0,220,0,0,0,330,0,0,550,0,0,0
14,0,200,16-19,33,0,67,0,2818,0,537,0,335,67,0,268,0,0,0,9259,0,0,0,134,0,67,335,0,0,268,2952,67,0,0,0,0,0,67,0,0,335,0,0,0,67,470,0,0,0,0,67,0,0,0,0,134,67,0,67,0,134,0,0,0,0,201,0,0,0,0,0,4898,0,134,201,0,0,0,0,0,67,134,0,0,67,67,0,403,671,335,134
14,0,200,16-19,34,0,54,54,2498,0,652,0,0,0,109,543,0,217,54,4778,0,0,0,0,0,54,109,0,0,380,3964,0,0,54,0,0,0,163,0,0,54,0,0,0,0,54,0,0,0,0,0,0,0,0,0,54,0,0,0,0,109,0,0,0,0,0,54,0,0,0,0,6190,0,54,434,54,0,0,0,0,54,54,0,0,271,0,0,326,0,0,54
14,0,200,16-19,38,80,1044,0,1525,0,1044,0,161,0,0,562,0,241,80,5138,0,0,0,0,0,80,401,0,0,161,3452,0,0,80,0,0,0,803,0,80,161,0,0,0,80,321,0,0,0,0,80,0,0,0,80,321,80,0,161,0,161,80,0,0,0,0,80,0,80,0,0,13246,80,482,0,241,0,0,0,0,161,80,0,0,241,0,0,321,0,80,562
21,0,200,16-19,25,422,11123,0,4083,282,986,0,986,0,0,845,2112,282,0,11827,0,0,0,0,0,0,141,282,0,845,7884,0,0,0,0,0,0,141,1126,0,1690,0,141,563,563,1126,0,0,0,0,141,0,0,0,0,0,0,0,141,141,141,141,0,0,0,141,0,0,0,0,0,4505,0,0,282,282,0,0,0,0,282,0,0,0,282,0,0,0,282,0,0
21,0,200,16-19,33,118,0,59,1645,59,235,0,411,0,59,0,1058,176,0,5934,0,0,0,0,0,0,59,59,0,235,3819,0,0,0,0,0,0,353,646,0,1763,0,59,0,118,940,0,0,59,0,59,0,0,0,0,0,118,0,59,0,176,118,0,0,0,176,0,176,0,0,0,2115,0,59,235,118,0,0,0,0,59,59,0,0,353,0,0,411,118,0,0
21,0,200,16-19,34,79,0,0,591,118,0,0,39,0,0,118,433,0,0,2993,0,0,0,39,0,39,39,39,0,315,5160,0,0,79,0,0,0,236,158,0,985,0,0,39,79,354,0,0,0,39,118,0,0,39,0,0,0,0,79,0,0,39,0,0,0,512,39,0,39,0,0,1142,0,0,236,197,0,0,0,0,79,39,0,0,158,0,0,158,79,0,0
21,0,200,16-19,38,204,0,102,3062,1939,306,0,1327,0,0,0,2347,714,0,7655,0,0,0,0,0,306,306,102,0,510,6328,0,0,102,0,0,0,306,204,0,3368,0,0,306,0,1939,0,0,0,0,102,0,0,0,102,0,0,0,612,0,612,0,0,0,0,0,0,306,0,0,0,3674,102,102,816,102,102,0,0,0,0,204,0,0,408,0,0,204,0,0,0
28,0,200,16-19,25,0,2240,172,7237,2585,862,0,517,0,0,172,517,172,0,25502,0,0,0,0,0,172,345,0,0,345,3619,0,0,0,0,0,0,862,345,0,13096,0,517,0,0,689,0,0,0,0,172,0,0,0,0,0,0,0,0,0,0,172,0,172,0,517,0,172,172,0,0,2585,2929,345,345,345,0,0,0,0,0,0,0,172,172,172,0,172,345,0,0
28,0,200,16-19,33,0,0,0,5626,12190,0,0,0,0,0,0,1875,469,0,18285,0,0,0,0,0,469,938,938,0,469,17347,0,0,0,0,0,0,469,2344,0,121431,0,0,0,0,0,0,0,0,0,469,0,0,0,0,0,0,0,469,0,0,469,0,0,0,938,0,0,0,0,0,938,1875,469,0,0,0,0,0,0,0,0,0,0,0,0,0,1407,469,0,0
28,0,200,16-19,34,484,0,0,1817,242,0,0,121,0,0,121,121,1453,0,5571,0,0,0,0,0,121,0,0,0,3755,23013,0,0,0,0,0,0,242,363,0,1211,0,242,0,0,0,0,121,0,0,363,0,0,0,0,0,121,0,363,0,363,727,0,0,0,121,0,0,0,0,0,2543,242,121,484,2543,121,0,0,0,121,0,0,0,121,121,0,848,969,0,0
28,0,200,16-19,38,0,0,0,2067,496,248,0,331,0,0,83,579,165,0,11163,0,0,0,0,0,0,165,0,0,413,7773,0,0,165,0,0,0,248,165,0,1406,0,0,0,496,331,0,83,0,0,83,83,0,0,0,0,0,0,165,0,248,496,0,0,0,248,83,0,0,0,0,2233,744,413,165,83,165,0,0,0,83,83,0,0,83,0,0,413,83,83,0
35,0,200,16-19,25,0,0,1159,97364,0,0,0,0,0,0,0,1159,0,0,24341,0,0,0,0,0,1159,9273,0,0,9273,16227,0,0,0,0,0,0,0,8114,0,105477,0,1159,0,0,0,0,0,0,1159,0,0,0,0,0,0,0,0,0,0,0,1159,0,0,0,173864,0,0,0,0,0,5795,30136,0,1159,5795,0,0,0,0,0,0,0,1159,0,1159,0,0,0,0,0
35,0,200,16-19,33,1081,0,0,15133,0,1081,0,1081,0,0,1081,2162,2162,0,27024,0,0,0,0,0,0,2162,1081,0,7567,37833,0,0,0,0,0,0,0,1081,0,10809,0,0,0,0,1081,0,0,0,0,0,0,0,0,0,0,0,0,0,0,1081,0,0,0,0,275642,1081,0,1081,0,0,2162,12971,0,2162,2162,0,0,0,0,0,0,0,1081,1081,0,0,1081,1081,0,0
35,0,200,16-19,34,1476,0,0,2952,0,0,0,738,0,0,0,0,0,0,2952,0,0,0,738,0,0,0,0,0,2952,5904,0,0,0,0,0,0,0,0,0,2952,0,0,0,0,0,0,0,0,738,0,0,0,0,0,0,0,0,738,0,0,0,0,0,0,298889,0,0,0,0,0,738,0,0,738,0,738,0,0,0,0,0,0,0,0,738,0,0,1476,0,0
35,0,200,16-19,38,206,0,0,452,0,123,0,0,82,0,206,165,123,0,3825,0,0,0,82,0,329,1028,0,0,1110,4401,0,0,0,0,0,0,0,82,41,0,0,0,0,41,0,0,0,0,0,41,0,0,0,0,0,0,41,41,0,247,165,0,0,0,247,165,0,0,0,0,1152,535,0,494,411,41,0,0,0,0,82,0,41,82,0,41,82,41,82,82
-1,75,200,16-19,24,0,17191,0,77360,0,17191,0,0,0,0,137528,0,0,0,68764,0,0,0,0,0,0,214888,0,0,17191,103146,0,0,0,0,0,0,0,0,8596,0,0,0,0,0,0,0,103146,0,0,0,0,0,0,0,0,0,0,51573,0,8596,0,0,0,0,0,0,0,8596,0,0,2105899,403989,42978,0,8596,0,0,0,0,0,17191,0,0,0,0,0,25787,17191,0,17191
-1,75,200,16-19,29,0,11330,0,45322,0,0,0,0,0,0,84978,0,0,0,39657,0,0,0,0,0,0,118970,0,0,16996,118970,0,0,0,0,0,0,5665,0,28326,5665,0,5665,0,0,0,0,0,5665,0,0,0,0,0,0,0,0,0,22661,0,16996,0,0,0,0,0,0,0,5665,0,0,1948836,203948,33991,11330,0,0,0,0,0,0,0,0,0,5665,0,0,16996,0,0,5665
-1,75,200,16-19,37,0,11070,0,47047,0,5535,0,2767,0,0,71955,0,0,0,33210,0,0,0,5535,0,0,33210,0,0,8302,47047,0,0,0,0,0,0,0,0,11070,2767,0,0,0,0,0,0,0,2767,0,0,0,0,0,0,0,0,0,13837,0,8302,0,0,0,0,0,0,0,5535,0,0,700176,149445,19372,2767,8302,0,0,0,0,0,0,0,0,0,0,0,16605,0,0,2767
7,75,200,16-19,24,0,10940,729,8752,29902,2188,0,23338,0,0,2188,31361,0,0,40842,0,0,0,0,0,2188,2917,0,0,1459,33549,0,0,0,0,0,0,0,7293,0,18962,0,729,1459,0,8022,0,0,0,0,2188,1459,0,0,729,0,0,0,16045,0,3647,0,0,0,0,0,0,0,0,0,0,59075,0,729,0,2188,0,0,0,0,0,0,0,0,0,0,0,729,0,0,0
7,75,200,16-19,29,0,2209,0,4786,6626,1473,0,17302,0,0,736,13621,0,0,18775,0,0,0,0,0,368,368,0,0,368,22456,0,0,0,0,0,0,368,7363,0,5522,0,0,1841,0,4418,0,0,0,0,368,368,0,0,0,0,0,0,2577,0,0,0,0,0,0,368,0,368,0,0,0,30923,1841,2209,0,368,0,0,0,0,0,0,0,0,736,0,0,0,0,0,0
7,75,200,16-19,37,0,10302,0,51508,2943,10302,0,30905,0,0,1472,64753,1472,0,32376,0,0,0,0,0,1472,2943,2943,0,2943,36791,0,0,0,0,0,0,5887,4415,0,203088,0,5887,4415,0,2943,0,0,0,1472,0,0,0,0,0,0,0,0,30905,0,4415,0,0,0,0,0,0,0,0,0,0,44150,2943,0,0,0,0,0,0,0,0,1472,0,0,0,1472,0,1472,0,0,0
14,75,200,16-19,24,0,0,0,1264,0,140,0,70,0,0,2317,0,0,0,10041,0,0,0,0,70,140,211,0,70,281,4283,0,0,0,0,0,0,351,0,0,70,0,0,0,0,70,0,0,0,0,0,0,0,0,0,211,70,0,70,0,70,0,0,0,0,70,70,0,0,0,0,5617,351,140,0,281,0,0,0,0,351,70,0,0,211,0,0,0,0,351,0
14,75,200,16-19,29,339,85,0,6110,0,1443,0,85,0,0,1273,0,85,85,3055,0,0,0,0,0,85,849,0,0,170,6195,0,0,0,0,0,0,85,0,0,170,0,170,0,0,0,0,0,0,0,255,0,0,0,0,85,255,0,85,0,170,0,85,0,0,0,0,0,0,0,0,10184,424,255,85,339,0,0,0,0,170,764,0,0,85,0,0,85,0,0,85
14,75,200,16-19,37,100,299,0,18554,0,898,0,499,0,0,499,0,0,0,3890,0,0,0,0,0,0,299,0,0,998,4888,0,0,0,0,0,0,399,0,0,200,0,100,0,0,0,0,0,0,0,0,0,0,0,0,0,0,0,0,0,599,0,0,0,0,299,100,0,100,0,0,6584,100,100,200,0,0,0,0,0,100,0,0,0,100,0,0,399,0,0,499
21,75,200,16-19,24,107,0,0,4185,644,322,0,1073,107,0,215,1395,322,0,7727,0,0,0,215,0,107,0,107,0,537,9444,0,0,0,0,0,0,537,537,0,5258,0,0,107,1180,215,0,0,0,0,1288,0,0,0,0,0,0,0,322,0,215,0,0,0,0,0,0,107,0,0,0,4507,0,0,107,537,0,0,0,0,0,215,0,107,0,0,0,107,0,0,0
21,75,200,16-19,29,0,0,0,4090,0,267,0,356,0,0,0,1156,0,0,3646,0,0,0,0,0,178,89,0,0,622,10315,0,0,0,0,0,0,89,89,0,5335,0,0,711,267,178,0,0,89,0,889,178,0,0,0,0,0,0,89,0,356,0,0,0,0,534,0,0,0,0,0,4001,89,0,178,89,0,0,0,0,178,89,0,0,178,0,0,0,89,0,0
21,75,200,16-19,37,0,0,0,25499,432,2377,0,1080,0,0,1297,3457,432,0,11669,0,0,0,0,0,0,864,648,0,432,6699,0,0,0,0,0,0,1080,432,0,14262,0,216,216,1297,1513,0,0,0,0,1297,0,0,0,0,0,216,0,648,0,0,0,0,0,0,0,216,432,0,0,0,6267,0,216,216,216,0,0,0,0,0,0,0,0,216,432,0,0,216,0,0
28,75,200,16-19,24,165,0,165,2969,990,165,0,165,0,0,1155,990,0,0,12372,0,0,0,0,0,0,0,165,0,1320,7588,0,0,0,0,0,0,165,330,0,30023,0,0,990,825,0,0,0,0,0,495,0,0,0,165,0,0,0,330,330,495,165,0,0,0,660,0,165,0,0,0,825,825,165,165,660,0,0,0,0,0,0,0,0,0,330,0,495,0,165,0
28,75,200,16-19,29,603,0,0,3447,172,345,0,345,0,0,172,776,0,0,6378,0,0,0,0,0,86,0,86,0,603,7153,0,0,86,0,0,0,517,86,0,8188,0,259,0,259,0,0,0,0,0,431,0,0,0,0,0,0,0,259,0,86,0,0,0,0,86,86,0,0,0,0,948,517,0,0,259,86,0,0,0,0,172,0,0,172,0,0,0,0,0,0
28,75,200,16-19,37,0,0,0,7569,0,2038,0,0,291,0,582,1456,291,0,18631,0,0,0,291,0,0,873,582,0,1747,12518,0,0,0,0,0,0,1456,873,0,28529,0,582,291,582,1747,0,0,0,0,1164,0,0,291,0,0,0,0,873,0,1164,0,0,0,0,873,0,0,0,0,0,1456,3202,0,291,1747,0,0,0,0,0,0,0,0,0,0,0,1164,0,0,0
35,75,200,16-19,24,657,110,0,986,0,110,0,329,0,0,219,767,110,0,6024,0,0,0,110,0,329,110,0,0,2738,9091,0,0,0,0,0,0,438,548,0,1862,0,0,0,110,657,0,0,0,0,329,0,0,0,0,0,0,0,110,110,548,0,0,0,0,13363,110,219,0,0,0,438,0,219,110,1314,0,0,0,0,110,0,0,0,110,0,0,219,219,110,0
35,75,200,16-19,29,269,0,0,3630,0,0,0,269,0,0,134,134,269,0,7394,0,0,0,0,0,538,134,0,0,3630,11965,0,0,0,0,0,134,134,941,0,5781,0,0,0,0,807,0,0,134,134,941,0,0,0,0,0,0,0,134,0,403,0,0,0,0,7394,134,134,0,0,0,1344,941,269,269,941,0,0,0,0,134,0,0,0,0,134,134,538,134,134,0
35,75,200,16-19,37,1268,0,0,3803,0,0,0,634,0,0,634,0,0,0,6338,0,0,0,0,0,634,2535,0,0,1901,6972,0,0,0,0,0,0,634,8873,0,110283,0,0,0,0,1901,0,0,634,0,2535,0,0,0,0,0,0,0,1268,0,634,0,0,0,0,5704,634,0,0,0,0,0,6972,0,634,634,0,0,0,0,0,0,0,0,0,0,0,1268,0,0,0
-1,300,200,16-19,21,0,6642,0,33210,0,26568,0,0,0,0,73062,0,0,0,53136,0,0,0,0,0,0,46494,0,0,0,53136,0,0,0,0,0,0,0,0,6642,6642,0,0,0,0,0,0,26568,0,0,0,0,0,0,0,0,0,0,26568,0,6642,0,0,0,0,0,0,0,6642,0,0,2005878,385235,26568,0,33210,0,0,0,0,0,0,0,0,0,0,0,33210,0,0,0
-1,300,200,16-19,28,0,6505,0,0,0,0,0,6505,0,0,30750,0,0,0,0,0,0,0,0,0,0,22471,0,0,591,34889,0,0,0,0,0,0,0,0,0,0,0,0,0,15375,0,0,4139,0,0,0,0,0,0,0,0,0,0,38437,0,14783,0,0,0,0,0,0,0,2365,0,0,526881,47307,13009,4139,1774,0,0,0,0,0,2365,0,0,1774,0,0,2957,0,0,1183
-1,300,200,16-19,35,0,16996,0,31159,0,2833,0,0,0,0,33991,0,0,0,82146,0,0,0,0,0,0,16996,0,0,2833,22661,0,0,0,0,0,0,0,0,5665,5665,0,0,0,0,0,0,2833,0,0,0,0,0,0,0,0,0,0,19828,0,5665,0,0,0,0,0,0,0,2833,0,0,787466,22661,8498,0,5665,0,0,0,0,0,2833,0,0,0,0,0,5665,0,0,2833
7,300,200,16-19,21,0,0,403,10474,6849,1611,0,12489,0,0,806,25783,0,0,18129,0,0,0,0,0,0,806,0,0,2014,22963,0,0,0,0,0,0,806,5237,0,26186,0,0,4029,0,4431,0,0,0,0,1209,806,0,0,0,0,0,0,6446,0,403,0,403,0,0,0,0,0,0,0,0,11683,1611,0,403,806,0,0,0,0,403,806,0,0,403,0,0,0,0,0,0
7,300,200,16-19,28,0,0,0,5056,306,1685,0,5363,0,0,613,7354,153,0,4443,0,0,0,0,0,0,153,0,0,919,17467,0,0,0,0,0,0,306,306,0,3371,0,153,153,0,766,0,0,0,153,613,153,0,0,153,0,0,0,1226,0,306,0,0,0,0,0,306,0,0,0,0,9040,766,153,306,153,0,0,0,0,460,306,0,0,153,0,0,766,0,153,0
7,300,200,16-19,35,0,405,0,4052,1216,0,0,7091,0,0,405,12763,405,0,9319,0,0,0,0,0,0,203,0,0,203,24513,0,0,0,0,0,0,203,405,0,7496,0,0,1418,0,1216,0,0,0,0,203,0,0,0,0,0,0,0,1013,0,0,0,0,0,0,203,0,405,0,0,0,10332,405,0,203,0,0,0,0,0,0,203,0,0,0,0,0,203,0,0,0
14,300,200,16-19,21,0,0,0,5209,0,0,0,0,0,0,2605,0,0,0,61210,0,0,0,0,0,0,1302,0,0,0,11721,0,0,0,0,0,0,0,0,1302,519637,0,3907,0,0,0,0,0,0,0,2605,0,0,0,0,0,0,0,1302,0,1302,0,0,0,0,0,0,0,0,0,0,7814,1302,0,0,1302,0,0,0,0,0,0,0,0,1302,0,0,2605,0,0,0
14,300,200,16-19,28,0,0,0,10279,0,1523,381,1142,0,0,4188,0,0,0,35023,0,0,0,0,0,0,0,0,0,2284,8375,0,0,0,0,0,0,0,0,0,75376,0,1523,0,0,0,0,0,0,0,0,0,381,0,0,0,381,0,381,0,0,0,0,0,0,381,0,0,0,381,0,4568,3426,0,381,761,0,0,0,0,0,0,0,0,381,0,0,2665,0,381,0
14,300,200,16-19,35,0,0,0,7293,0,0,0,0,0,0,10940,0,0,0,36466,0,0,0,0,0,0,1823,0,0,0,7293,0,0,0,0,0,0,1823,0,0,778544,0,1823,0,0,0,0,0,0,0,0,0,0,0,0,0,0,0,3647,0,0,0,0,0,0,0,0,0,0,0,0,25526,1823,0,0,1823,0,0,0,0,0,0,0,0,0,0,0,3647,1823,1823,0
21,300,200,16-19,21,1650,0,1650,41241,23095,6599,0,0,0,0,0,6599,0,0,34642,0,0,0,0,0,0,3299,6599,0,0,19796,0,0,0,0,0,0,3299,3299,0,483345,0,13197,41241,0,4949,0,0,0,0,19796,11547,0,0,0,0,0,0,3299,0,1650,0,0,0,0,0,0,0,0,0,0,4949,4949,3299,0,1650,0,0,0,0,0,0,0,0,0,0,0,3299,0,0,0
21,300,200,16-19,28,1702,0,0,15316,1702,0,0,0,0,0,10210,8509,0,0,64666,0,0,0,0,0,0,1702,0,0,5105,42543,0,0,0,0,0,0,3403,1702,0,581994,0,5105,5105,0,0,0,1702,0,0,6807,0,0,0,0,0,0,0,0,0,0,0,0,0,0,3403,0,0,0,0,0,6807,10210,0,0,5105,0,0,0,0,0,0,0,0,0,0,0,1702,0,5105,0
21,300,200,16-19,35,0,0,0,12346,0,0,0,3087,0,0,3087,1029,0,0,27779,0,0,0,0,0,1029,0,4115,0,1029,11317,0,0,0,0,0,0,1029,6173,0,232521,2058,0,0,0,3087,0,0,0,0,2058,0,0,0,0,0,0,0,0,0,1029,0,0,0,0,2058,0,0,0,0,0,4115,6173,1029,0,0,0,0,0,0,0,0,0,0,0,0,0,0,0,0,0
28,300,200,16-19,21,0,18007,0,0,0,0,0,3178,0,0,2118,5296,0,0,63555,0,0,0,0,0,0,5296,0,0,23303,34955,0,0,0,0,0,0,1059,5296,0,133465,0,5296,0,0,0,0,1059,0,0,18007,30718,0,0,0,0,0,0,4237,0,2118,0,0,0,0,1059,1059,0,0,0,0,4237,10592,6355,2118,0,0,0,0,0,1059,2118,0,0,0,0,0,0,0,1059,0
28,300,200,16-19,28,0,0,0,24927,4532,755,0,755,0,0,3021,2266,0,0,32481,0,0,0,0,0,0,0,3777,0,4532,18884,0,0,0,0,0,0,755,3777,0,142764,0,755,19639,0,0,0,0,0,0,2266,0,0,0,0,0,0,0,4532,0,755,0,0,0,0,755,0,0,0,0,0,0,8309,755,0,2266,0,0,0,0,0,0,0,0,0,0,0,3021,0,0,0
28,300,200,16-19,35,0,0,0,7467,0,0,0,0,0,0,0,3733,0,0,26134,0,0,0,0,0,747,747,3733,0,2240,2240,0,0,0,0,0,0,0,5227,0,161283,0,0,0,0,34347,0,0,0,0,4480,1493,0,0,0,0,0,0,2240,0,747,0,0,0,0,0,0,0,0,0,0,747,2987,1493,0,0,0,0,0,0,0,0,0,0,0,0,0,0,0,0,0
35,300,200,16-19,21,0,0,0,1598,0,0,0,0,0,0,3994,1598,0,0,38341,0,0,0,799,0,799,6390,0,0,15975,16774,0,0,0,0,0,0,0,11183,0,150968,0,0,0,0,3195,0,0,799,0,11183,0,0,0,0,0,0,0,1598,0,1598,0,0,0,0,0,0,0,0,0,0,0,2396,7988,0,1598,1598,0,0,0,0,0,0,799,0,0,1598,0,0,0,0
35,300,200,16-19,28,0,0,0,482,0,0,0,482,0,0,1927,2409,0,0,20720,0,0,0,482,0,964,964,0,0,14938,13492,0,0,0,0,0,0,0,3855,0,53006,0,482,0,0,3373,0,0,1446,0,1446,0,0,0,0,0,0,0,5301,0,1927,0,0,0,0,964,964,0,0,0,0,0,2891,1446,0,3373,0,0,0,0,964,0,0,964,0,0,0,1446,0,0,0
35,300,200,16-19,35,316,0,0,2214,0,0,0,0,0,0,2214,1898,316,0,17396,0,0,0,633,0,0,316,0,316,8540,2847,0,0,316,0,0,0,0,3163,0,20559,0,633,0,2530,12651,0,0,316,0,1898,0,0,0,0,0,316,0,2530,0,1898,0,0,0,0,316,0,0,0,316,0,316,1581,1265,0,3795,0,0,0,0,0,316,0,0,0,316,316,316,0,0,0
-1,0,200,21-24,1,0,2321,0,51052,0,2321,0,11603,0,0,44090,0,0,0,83540,2321,0,0,0,0,0,13923,0,0,6962,27847,0,0,0,0,0,0,0,0,0,6962,0,0,0,0,0,0,4641,0,2321,0,0,0,0,0,0,4641,0,37129,0,4641,0,0,0,0,0,4641,0,2321,0,0,601022,51052,9282,0,6962,0,0,0,0,0,0,0,0,2321,0,0,4641,0,0,2321
-1,0,200,21-24,7,0,6837,0,34187,0,27349,0,6837,0,0,205120,0,0,0,61536,0,0,0,6837,0,0,164096,0,0,0,109397,0,0,0,0,0,0,0,0,6837,13675,0,0,0,0,0,0,88885,20512,0,0,0,0,0,0,0,0,0,27349,0,20512,0,0,0,0,0,0,0,27349,0,0,2440928,321355,34187,0,20512,0,0,0,0,0,0,0,0,6837,0,0,27349,0,0,0
-1,0,200,21-24,15,0,6837,0,28489,0,1140,0,7977,0,0,36466,0,0,1140,74071,0,0,0,2279,0,0,23931,0,0,1140,54699,0,0,0,0,0,1140,2279,0,0,0,0,1140,0,2279,0,0,13675,5698,0,0,0,0,0,0,0,0,0,43303,0,13675,0,0,0,0,1140,0,0,3419,0,0,1018763,94583,15954,1140,5698,0,0,0,0,1140,1140,0,0,1140,0,0,21652,0,0,1140
-1,0,200,21-24,16,0,27870,0,88256,0,13935,0,4645,0,0,185802,0,0,0,92901,0,0,0,4645,0,0,60386,0,0,0,120771,0,0,0,0,0,0,0,0,4645,4645,0,0,0,0,0,0,27870,0,0,0,0,0,0,0,0,0,0,32515,0,23225,0,0,0,0,0,0,0,4645,0,0,2034530,167222,74321,0,13935,0,0,0,0,4645,0,0,0,0,0,0,18580,0,0,0
7,0,200,21-24,1,0,656,246,656,328,246,0,3197,0,82,328,2705,0,0,6559,0,0,0,0,0,82,0,0,0,164,9510,0,0,0,0,0,0,328,246,0,820,0,328,410,0,574,0,0,0,82,246,0,0,0,0,0,0,0,164,0,82,82,0,0,0,82,82,164,0,0,0,2132,574,0,246,0,0,0,0,0,164,492,0,0,0,0,0,164,0,0,0
7,0,200,21-24,7,0,1523,138,1661,1177,0,0,1869,0,0,208,4360,0,69,3737,0,0,0,0,0,0,554,0,0,138,5052,0,0,0,0,0,0,277,208,0,1592,0,0,138,138,484,0,0,0,0,277,208,0,0,0,0,0,0,1038,0,0,0,0,0,0,69,0,138,0,0,0,2007,69,69,138,69,0,0,0,0,0,0,0,0,69,0,0,69,0,0,0
7,0,200,21-24,15,0,1092,546,1966,437,218,0,3931,0,109,546,983,218,0,8517,0,0,0,0,0,328,218,0,0,437,7971,0,0,0,0,0,0,437,1310,0,874,0,0,109,0,328,0,0,0,0,1092,0,0,0,0,0,109,0,1092,0,109,0,109,0,0,218,0,0,109,0,0,6661,655,109,109,218,0,0,0,0,437,328,0,0,109,0,0,328,0,0,0
7,0,200,21-24,16,0,7708,249,6464,746,1492,0,12680,0,0,249,14669,249,0,9697,0,0,0,0,0,249,249,0,0,497,22377,0,0,0,0,0,0,1740,1492,0,2735,0,249,1492,0,1989,0,0,0,0,2238,0,0,0,0,0,0,0,746,0,0,0,0,0,0,0,0,0,0,0,0,4973,746,0,249,249,0,0,0,0,249,497,0,0,497,0,0,746,0,0,0
14,0,200,21-24,1,148,0,0,99,0,99,0,49,0,0,49,0,0,49,5196,0,0,0,0,0,49,99,0,0,544,6978,0,0,0,0,0,0,247,0,0,346,0,99,0,0,346,0,0,148,0,0,0,0,0,49,346,99,99,49,0,148,49,0,49,0,297,99,0,0,0,0,1188,198,99,99,297,0,0,0,0,198,49,0,0,297,0,0,940,0,49,0
14,0,200,21-24,7,134,223,0,713,0,134,0,0,0,0,45,0,0,0,5662,0,0,0,0,0,134,223,0,0,713,4012,0,0,89,0,0,0,89,0,89,89,0,0,0,89,223,0,0,0,0,45,0,0,0,178,45,0,0,89,0,223,89,0,0,0,267,89,0,45,0,0,669,267,134,89,490,0,0,0,0,178,223,0,0,357,45,0,535,0,267,45
14,0,200,21-24,15,222,2884,0,518,0,0,0,222,0,0,296,0,0,0,8062,0,0,0,0,148,222,296,0,0,1331,5251,0,0,0,0,0,0,148,0,148,74,0,222,0,0,740,0,0,0,0,0,0,0,0,148,148,0,74,296,0,222,222,0,0,0,222,0,0,0,0,0,3180,296,888,148,1183,0,0,0,0,222,0,0,0,370,74,0,296,74,370,148
14,0,200,21-24,16,323,848,0,283,0,121,0,81,0,0,0,0,0,0,4481,0,0,0,81,0,283,0,0,0,565,5248,0,0,0,0,0,0,121,0,0,0,0,0,0,0,40,0,0,0,0,0,0,0,0,0,0,40,0,81,0,81,242,0,0,0,81,40,0,0,0,0,929,161,242,323,444,0,0,0,0,40,121,0,0,81,0,0,404,0,121,40
21,0,200,21-24,1,1754,0,0,14908,76292,0,0,1754,0,0,877,877,0,0,2631,0,0,0,0,0,877,2631,0,0,877,4385,0,0,0,0,0,0,0,33323,0,169245,0,0,1754,0,20169,0,0,0,0,0,0,0,0,0,0,0,0,0,0,0,0,0,0,0,0,0,0,0,0,0,0,0,0,877,0,0,0,0,0,0,0,0,0,0,0,0,1754,877,0,0
21,0,200,21-24,7,365,182,182,912,11487,182,0,547,0,0,0,1276,365,0,1459,0,0,0,365,0,0,182,365,0,4011,19692,0,0,182,0,0,0,729,365,0,4011,0,0,547,0,13675,0,0,0,0,182,182,0,0,0,0,182,0,0,912,0,2006,0,0,0,365,182,182,0,0,0,365,0,0,182,365,0,0,0,0,0,0,0,0,182,0,0,0,547,0,0
21,0,200,21-24,15,0,293,0,7619,879,586,0,293,0,0,293,6154,293,293,6154,0,0,0,0,0,0,0,7033,0,1758,7326,0,0,0,0,0,0,586,586,0,74136,0,0,1172,0,879,0,0,586,0,0,0,0,0,0,0,0,0,586,0,0,1465,0,0,0,293,0,0,0,0,0,0,0,0,293,293,0,0,0,0,0,0,0,0,0,293,0,586,0,0,0
21,0,200,21-24,16,251,126,0,753,11049,628,0,126,0,126,0,1004,628,0,1381,0,0,0,126,0,126,0,126,0,628,10421,0,0,0,0,0,0,377,0,0,8915,0,0,377,628,2386,0,0,0,0,126,0,0,0,0,0,0,0,628,0,0,1004,0,0,0,126,251,0,0,0,0,628,0,0,753,126,0,0,0,0,126,126,0,0,126,126,0,1256,251,0,0
28,0,200,21-24,1,0,0,0,9585,0,0,0,2396,0,0,0,2396,0,0,9585,0,0,0,0,0,0,4793,1198,0,2396,8387,0,0,0,0,0,0,0,105438,0,397790,0,0,0,0,3594,0,0,0,0,0,1198,0,0,0,0,0,0,0,3594,0,1198,0,0,0,0,0,0,0,0,0,0,0,0,0,0,0,0,0,0,0,0,0,0,0,0,0,1198,0,0,0
28,0,200,21-24,7,0,0,0,2947,8104,737,0,0,737,0,0,3684,0,0,5894,0,0,0,0,0,0,1474,737,0,0,13998,0,0,0,0,0,0,0,737,0,222501,0,737,737,0,0,0,0,0,0,0,0,0,0,0,0,0,0,0,39048,0,5894,0,0,0,0,0,0,0,0,0,0,0,0,0,0,0,0,0,0,0,0,0,0,0,0,0,0,0,0,0
28,0,200,21-24,15,0,474,0,1896,0,0,0,1896,0,0,0,2844,474,0,4266,0,0,0,0,0,0,1422,0,0,8533,9955,0,0,0,0,0,0,0,948,0,100500,0,0,27021,0,0,0,0,474,0,0,0,0,0,0,0,0,0,2370,0,474,474,474,0,0,0,0,0,0,474,0,1896,474,0,474,4266,0,0,0,0,0,0,0,0,948,0,0,474,474,0,0
28,0,200,21-24,16,0,0,0,7512,2146,1073,0,0,0,0,0,3219,1073,0,10731,0,0,0,0,0,0,0,5366,0,1073,8585,0,0,0,0,0,0,0,1073,0,372378,0,1073,0,0,16097,0,0,0,0,0,0,0,0,0,0,0,0,1073,0,0,2146,0,0,0,0,0,0,0,0,0,0,0,0,1073,0,0,0,0,0,1073,0,0,0,2146,0,0,2146,0,0,0
35,0,200,21-24,1,0,0,0,2657,0,886,0,3542,0,0,0,2657,0,0,2657,0,0,0,0,0,0,11513,0,0,7970,36310,0,0,0,0,0,0,0,28339,0,66420,0,0,0,0,7970,0,0,0,0,0,0,0,0,886,0,0,0,3542,5314,2657,886,0,0,0,207230,0,0,886,0,0,886,0,0,0,1771,886,0,0,0,0,0,0,0,0,886,0,4428,0,0,0
35,0,200,21-24,7,0,0,0,3343,0,669,0,0,1337,0,669,0,669,0,2674,0,0,0,0,0,0,0,0,0,669,15376,0,0,0,0,0,0,0,0,0,2674,0,0,0,0,0,0,0,0,0,0,0,0,0,0,0,0,0,669,96938,0,2674,0,0,0,179169,0,669,0,0,0,0,669,0,0,669,0,0,0,0,0,0,0,0,0,0,0,669,669,0,0
35,0,200,21-24,15,0,781,0,3907,0,781,0,1563,2344,0,781,0,0,0,11721,0,0,0,0,0,0,11721,0,0,20317,73453,0,0,0,0,0,0,0,21098,0,7033,0,1563,0,0,0,0,0,0,0,781,0,0,0,0,0,781,0,4688,0,781,781,781,0,0,130495,0,0,781,0,0,9377,781,781,0,0,0,0,0,0,781,781,0,0,0,0,0,1563,781,781,0
35,0,200,21-24,16,0,0,0,1298,0,649,0,0,325,325,325,0,1298,0,1298,0,0,0,0,0,0,649,0,0,1298,21098,0,0,0,0,0,0,0,2272,0,974,0,0,0,0,325,0,0,0,325,0,0,0,0,0,0,0,0,0,649,0,325,0,0,0,94454,0,0,0,0,0,974,0,0,0,649,0,0,0,0,0,0,0,0,325,0,0,325,0,974,0
-1,75,200,21-24,3,0,12463,0,50987,0,2266,0,3399,0,0,31725,0,0,1133,65717,0,0,0,2266,0,3399,40790,0,0,3399,60051,0,0,2266,0,0,0,2266,0,0,4532,0,1133,0,10197,0,0,14730,1133,0,0,0,0,0,0,1133,4532,0,50987,0,12463,0,0,0,0,0,0,0,3399,0,0,1167035,167691,13597,0,2266,0,0,0,0,0,1133,0,0,2266,0,0,19262,0,0,3399
-1,75,200,21-24,5,0,3820,0,13753,0,0,0,1528,0,0,27506,0,0,764,58067,0,0,0,764,0,764,23685,0,0,2292,42787,0,0,0,0,0,0,764,0,0,2292,0,1528,0,1528,0,0,7640,0,764,0,0,0,0,0,0,764,0,26742,0,3820,0,0,0,0,1528,0,0,5348,0,0,595191,86337,5348,764,0,0,0,0,0,0,0,0,0,2292,0,0,17573,0,0,0
-1,75,200,21-24,11,0,7502,0,13336,0,0,0,8335,0,0,39175,0,0,2501,30840,1667,0,834,0,0,834,26672,0,0,2501,40842,0,0,0,0,0,0,834,0,834,0,0,0,0,4168,0,0,10836,0,0,0,0,0,0,0,834,1667,0,25839,0,7502,0,834,0,0,834,834,0,834,0,0,816834,131694,10836,1667,1667,0,0,0,834,834,834,0,0,834,0,0,11669,0,0,2501
7,75,200,21-24,3,0,298,224,745,149,224,0,1416,0,75,298,1118,298,0,7228,0,75,0,75,0,0,0,0,0,373,9761,0,0,0,0,0,0,522,149,0,1639,0,0,224,0,224,0,0,0,0,373,75,0,0,0,0,0,0,224,0,0,75,0,0,0,149,0,0,0,0,0,820,447,0,224,75,0,0,0,0,298,373,0,0,0,75,0,373,0,0,0
7,75,200,21-24,5,61,0,183,1156,0,61,0,974,0,0,0,1582,122,0,2800,0,0,0,0,0,122,61,0,0,122,8460,0,0,122,0,0,0,487,243,0,1035,0,122,304,0,669,0,0,0,0,304,0,0,0,61,0,0,0,61,0,0,0,0,0,0,61,122,61,61,0,0,1948,913,0,0,61,0,0,0,0,183,183,0,0,61,0,0,243,0,0,0
7,75,200,21-24,11,170,595,85,680,340,170,0,2124,0,0,255,2803,85,0,8240,0,0,0,0,0,170,170,0,0,255,8410,0,0,85,0,0,0,510,170,0,3143,0,170,595,0,255,0,0,0,0,340,85,0,0,0,0,0,0,510,0,0,0,0,0,0,0,85,85,0,0,0,4078,85,85,0,0,0,0,0,0,85,170,0,0,0,0,0,85,0,85,0
14,75,200,21-24,3,450,25,0,100,0,0,0,0,50,0,125,0,100,0,2023,0,1374,0,0,25,150,50,0,0,425,2598,0,0,0,0,0,0,50,0,50,75,0,0,0,25,0,0,0,100,0,75,0,0,0,0,100,0,25,25,0,25,25,0,25,0,75,0,0,0,0,0,525,125,50,75,150,0,0,0,0,175,50,0,0,75,50,0,250,50,0,0
14,75,200,21-24,5,0,0,0,270,0,0,0,135,0,0,405,0,270,0,24014,0,0,0,405,270,0,0,0,0,2698,15110,0,0,0,0,0,0,809,0,0,270,0,135,0,0,270,0,0,135,0,0,0,135,0,0,135,0,0,540,0,675,270,0,0,0,540,135,0,0,0,0,675,2024,1619,135,1484,0,0,0,0,0,270,0,0,0,135,0,2968,0,135,135
14,75,200,21-24,11,235,0,0,176,0,0,0,0,59,0,176,765,118,0,1529,0,0,0,59,0,59,176,0,0,1000,3352,0,0,0,0,0,0,59,0,59,59,0,0,0,0,353,0,0,59,0,59,0,0,0,0,176,0,0,176,0,235,118,0,0,0,59,59,0,0,0,0,647,118,59,118,118,0,0,0,0,0,0,0,0,0,0,0,118,0,0,0
21,75,200,21-24,3,0,0,0,3204,0,0,0,1068,0,0,0,7475,0,0,4272,0,0,0,0,0,0,0,0,0,0,6408,0,0,0,0,0,0,0,1068,0,450665,0,0,2136,0,1068,0,0,1068,0,0,0,0,0,0,0,0,0,0,0,0,0,0,0,0,0,0,0,0,0,0,0,0,0,1068,0,0,0,0,0,0,0,0,0,0,1068,0,0,0,0,0
21,75,200,21-24,5,0,0,0,2995,16475,2995,0,0,0,0,0,7489,0,0,4493,0,0,0,0,0,0,8986,7489,0,0,16475,0,0,0,0,0,0,0,53917,0,434334,0,0,2995,0,46429,0,0,1498,0,0,0,0,0,0,0,0,0,0,0,0,0,0,0,0,0,0,0,0,0,0,0,0,0,1498,0,0,0,0,0,0,0,0,0,0,0,0,0,0,0,0
21,75,200,21-24,11,1459,0,0,1459,2188,1459,0,0,0,0,0,729,0,0,2917,0,0,0,0,0,0,0,5105,0,0,4376,0,0,0,0,0,0,729,21150,0,121796,0,0,86059,0,26255,0,0,0,0,0,729,0,0,0,0,0,0,729,0,0,0,0,0,0,0,0,0,0,0,0,0,0,0,0,729,0,0,0,0,729,0,0,729,0,0,0,0,0,0,0
28,75,200,21-24,3,660,0,0,990,30023,330,0,0,0,0,330,660,0,0,3299,0,0,0,330,0,0,0,1320,0,330,990,0,0,0,0,0,0,660,660,0,85451,0,0,990,330,330,0,0,0,0,330,990,0,0,0,0,0,0,330,0,0,0,0,0,0,660,0,0,0,0,0,660,0,0,0,0,0,0,0,0,0,0,0,0,0,0,0,660,0,330,0
28,75,200,21-24,5,670,0,670,3349,15405,0,0,0,0,0,670,2009,0,0,4019,0,0,0,0,0,0,71666,4688,0,1340,20763,0,0,0,0,0,0,0,42196,0,82383,0,0,4019,0,0,0,0,670,0,670,0,0,0,0,0,0,0,0,0,0,0,0,0,0,0,0,0,0,0,0,670,0,670,0,1340,0,0,0,0,0,0,0,0,0,0,0,0,0,670,0
28,75,200,21-24,11,466,0,233,4664,1632,0,0,233,0,233,0,466,233,0,2332,0,0,0,0,0,0,0,1166,0,233,6063,0,0,0,0,0,0,0,7462,0,58995,0,2565,2565,0,466,0,0,233,0,0,233,0,0,0,0,0,0,0,0,0,0,0,0,0,233,0,0,0,0,0,233,0,0,233,233,0,0,0,0,0,0,0,0,1399,0,0,466,0,0,0
35,75,200,21-24,3,0,0,0,267,0,0,0,133,0,0,0,0,267,0,1869,0,0,0,0,0,0,0,0,0,400,2002,0,0,0,0,0,0,133,400,0,26031,0,133,0,0,5340,0,133,0,0,267,0,0,0,0,0,0,0,267,0,267,0,0,0,0,15351,0,267,0,0,0,133,0,0,0,0,0,0,0,0,0,0,0,0,0,0,0,133,0,667,0
35,75,200,21-24,5,0,0,0,1563,0,0,0,0,0,0,0,0,0,0,0,0,0,0,0,0,0,107835,0,0,0,20317,0,0,0,0,0,0,0,25005,0,154719,0,0,0,0,0,0,0,781,0,0,0,0,0,0,0,0,0,1563,0,0,0,0,0,0,8596,0,0,0,0,0,0,0,781,0,781,0,0,0,0,0,0,0,781,0,0,0,781,0,0,0
35,75,200,21-24,11,705,0,0,2116,0,0,0,0,0,0,0,0,0,0,2468,0,0,0,0,0,0,0,0,0,705,3174,0,0,0,0,0,0,0,8111,0,102617,0,705,0,0,4232,0,0,0,0,353,0,0,0,0,0,0,0,0,0,0,0,0,0,0,16574,0,0,0,0,0,0,353,353,0,353,0,0,0,0,353,0,0,0,0,0,0,0,0,0,0
-1,300,200,21-24,4,0,11330,0,83090,0,11330,0,7554,0,0,56652,0,0,0,45322,0,0,0,0,0,0,41545,0,0,3777,26438,0,0,0,0,0,0,0,0,0,0,0,0,0,11330,0,0,3777,0,0,0,0,0,0,0,0,0,0,52875,0,15107,0,0,0,0,0,0,0,3777,0,0,1027293,101974,22661,3777,7554,0,0,0,0,0,0,0,0,0,0,0,3777,0,0,3777
-1,300,200,21-24,13,0,5535,0,33210,0,11070,0,5535,0,0,182654,0,0,0,44280,0,0,0,0,0,0,55350,0,0,16605,99630,0,0,0,0,0,0,0,0,0,0,0,0,0,0,0,0,16605,5535,0,0,0,0,0,0,5535,0,0,49815,0,11070,0,0,0,0,5535,0,0,0,0,0,1367141,260144,16605,11070,0,0,0,0,0,0,0,0,0,5535,0,0,16605,0,0,0
-1,300,200,21-24,14,0,14434,0,4124,0,0,0,8248,0,0,90730,0,0,2062,28869,14434,0,0,2062,0,2062,160840,0,0,6186,68048,0,0,0,0,0,0,2062,0,0,0,0,0,0,10310,0,0,63924,0,0,0,0,0,0,0,4124,0,0,51551,0,16496,0,0,0,0,0,0,0,8248,0,0,1587781,463962,35055,2062,14434,0,0,0,0,0,2062,0,0,0,0,0,20621,0,0,2062
7,300,200,21-24,4,0,0,0,10619,2549,1274,0,12318,0,850,1274,18690,0,0,12318,0,0,0,0,0,0,425,0,0,1274,20389,0,0,0,0,0,0,425,3823,0,58193,0,8495,1274,0,5522,0,0,0,0,1274,0,0,0,0,0,0,0,4672,0,0,0,0,0,0,0,425,0,0,0,0,0,425,0,0,425,0,0,0,0,0,425,0,0,0,0,0,425,0,0,0
7,300,200,21-24,13,1133,1133,0,36257,2266,2266,0,23794,0,0,1133,81579,0,0,15863,0,0,0,1133,0,1133,2266,1133,0,9064,52120,0,0,0,0,0,0,4532,27193,0,163158,0,21528,9064,0,3399,0,0,1133,0,3399,2266,0,0,0,0,0,0,33991,1133,3399,0,0,0,0,0,1133,0,0,0,0,2266,2266,0,2266,5665,0,0,0,0,1133,0,0,0,0,0,0,5665,0,0,0
7,300,200,21-24,14,0,1736,0,20838,15628,3473,0,17365,0,0,0,131971,1736,0,31256,0,0,0,0,0,1736,12155,1736,0,6946,118080,0,0,0,0,0,0,1736,26047,0,324719,0,1736,22574,0,12155,0,0,0,0,3473,1736,0,0,0,0,0,0,126762,0,6946,0,0,0,0,0,1736,0,0,0,0,8682,1736,0,0,3473,0,0,0,0,1736,0,0,0,1736,0,0,6946,0,0,0
14,300,200,21-24,4,379,0,0,227,0,76,0,0,0,76,3031,3182,76,0,1288,0,76,0,303,0,152,152,0,0,1591,5304,0,76,0,0,0,76,379,0,0,6592,0,0,0,0,303,0,0,606,76,530,0,0,0,0,76,0,76,1591,0,379,0,0,0,0,152,0,76,0,0,0,379,227,76,0,303,0,0,0,0,152,303,0,0,152,76,0,303,0,0,0
14,300,200,21-24,13,0,0,0,667,0,0,0,2667,0,0,1334,0,0,0,2667,0,0,0,667,0,2667,0,0,0,14670,12669,0,66013,0,0,0,0,0,0,2000,115357,0,8668,0,0,0,0,0,0,0,2667,0,0,0,0,667,0,0,12669,0,18670,0,0,0,0,0,0,0,0,0,0,1334,2000,9335,667,4668,0,0,0,0,0,0,0,0,0,667,0,1334,0,0,0
14,300,200,21-24,14,586,0,0,1172,0,0,0,586,0,0,1172,0,0,0,43368,0,0,0,0,0,0,586,0,0,5861,5861,0,0,0,0,0,0,586,0,0,133621,0,2344,0,0,586,0,0,586,0,0,0,0,0,0,0,0,0,29303,0,5861,0,0,0,0,0,0,0,0,0,0,1172,5275,5861,0,5275,0,0,0,0,0,586,0,0,0,0,0,4102,0,586,0
21,300,200,21-24,4,0,0,0,4011,573,573,0,573,0,0,0,1719,573,0,3438,0,0,0,0,0,0,573,5157,0,2292,3438,0,0,0,0,0,0,0,573,0,102573,0,0,0,0,0,0,0,0,0,2292,0,0,0,0,0,0,0,573,0,573,0,0,0,0,0,0,0,0,0,0,573,0,1719,1146,1146,0,0,0,0,0,573,0,0,0,573,0,1146,0,0,0
21,300,200,21-24,13,0,0,0,21969,4272,610,0,610,0,0,2441,7933,0,0,23800,0,0,0,610,0,1220,610,4272,0,3661,12815,0,0,0,0,0,0,0,3661,0,120218,0,610,6713,0,1831,0,0,0,0,0,610,0,0,0,0,0,0,9764,0,5492,0,0,0,0,0,0,0,0,0,0,0,2441,6713,3661,3661,2441,0,0,0,1220,610,0,610,0,0,0,0,0,0,0
21,300,200,21-24,14,369,0,0,5904,0,0,0,369,0,0,738,3321,0,0,8118,0,0,0,0,0,369,369,738,0,1845,8856,0,0,0,0,0,0,369,0,0,102213,0,369,4797,0,1107,0,0,369,0,1476,0,0,0,0,0,0,0,2952,0,0,0,0,0,0,0,369,0,0,0,0,369,0,2214,1107,738,369,0,0,0,0,0,0,369,369,0,0,0,0,0,0
28,300,200,21-24,4,0,0,0,4520,6404,753,0,0,0,0,1507,2260,377,0,2260,0,0,0,377,0,0,753,2260,0,753,4520,0,0,0,0,0,0,0,10547,0,108107,0,377,1883,0,0,0,0,0,0,2637,0,0,0,0,0,0,0,1883,0,0,0,0,0,377,0,0,377,0,0,0,0,0,1130,377,753,0,0,0,0,0,0,0,0,0,0,0,377,0,0,0
28,300,200,21-24,13,0,0,403,10869,0,0,0,0,0,0,1208,2415,0,0,30191,0,0,0,0,0,0,11674,0,0,4428,10466,0,0,0,0,0,0,0,10869,0,55149,0,1208,0,0,0,0,0,0,0,2818,0,0,0,0,0,0,0,6441,0,805,0,0,0,0,403,403,0,0,0,0,805,403,4025,0,1208,6441,0,0,0,0,0,0,2415,0,0,0,805,0,403,0
28,300,200,21-24,14,0,0,504,504,0,0,0,0,0,0,0,757,252,0,6811,0,0,0,0,0,504,504,0,0,504,7063,0,0,0,0,0,0,0,2270,0,71133,0,0,0,0,757,0,0,0,0,2775,0,0,0,0,0,0,0,1009,0,252,0,0,0,0,252,0,0,0,0,0,252,252,504,0,252,0,0,0,0,252,0,0,0,252,0,0,2018,0,0,0
35,300,200,21-24,4,0,0,0,335,0,0,0,0,0,0,1005,167,167,0,2512,0,0,0,167,0,0,837,0,0,670,4688,0,0,0,0,0,0,502,1674,0,44373,0,167,0,0,502,0,0,0,0,670,0,0,0,0,0,0,0,837,0,335,335,0,0,0,1005,167,0,0,0,0,502,0,670,0,502,1674,0,0,0,0,0,0,0,0,0,0,167,0,167,0
35,300,200,21-24,13,0,0,0,6111,0,0,0,0,0,0,1078,0,0,0,7908,0,0,0,0,0,0,6470,0,0,1078,9705,0,0,0,0,0,0,0,8267,0,79438,0,0,0,0,359,0,0,359,0,1078,0,0,0,0,0,0,0,1797,0,719,0,0,0,0,3235,0,359,0,359,0,1078,0,359,0,359,15097,0,0,0,0,0,0,0,0,0,0,359,0,719,0
35,300,200,21-24,14,160,0,0,642,0,0,0,0,0,0,963,321,160,0,2407,0,0,0,481,0,481,642,0,0,3209,6899,0,0,0,0,0,0,481,1765,0,26956,0,0,0,0,321,0,0,0,0,2407,0,0,0,0,0,0,0,321,0,160,0,0,0,0,6578,321,0,0,0,0,0,0,481,0,642,160,0,0,0,321,0,0,0,321,0,0,160,0,321,0