Mesocosm,Compartment,Treatment,Nematoda,Gammarus sp.,Copepoda,Oligochaeta,Coleoptera(Limnius),Coleoptera(Elmis),Coleoptera(Hydraena),Coleoptera(Gyrinidae),Coleoptera non det.,Mollusca,Acari,Hirudinea,Insecta non det.,Cladocera,Baetis sp.,Baetidae non det.,Ephemerella sp.,Ephemerellidae non det.,Ephemera,Ephemeridae non det.,Ecdyonurus sp.,Epeorus sp.,Rhithrogena sp.,Heptageniidae non det.,Leptophlebiidae non det.,Ephemeroptera non det.,Siphonoperla,Chloro. non det.,Leuctra,Leuc. Non det.,Nemoura,Amphinemura,Protonemura,Nem. Non det.,Isoperla,Perlodidae non det.,Brachyptera,Taeniopteryx,Taen. Non det.,Plecoptera non det.,Glossosoma,Glosso. Non det.,Chaetopteryx,Drusus,Halesus,Potamophylax,Stenophylax,Limne. non det.,Philopotamus,Hydropsyche,Odontocerum,Plectrocnemia,Polycentropus,Polyc. Non det.,Tinodes,Rhyacophila,Sericostoma,Silo,Trichoptera non det.,Trichoptera pupae,Ceratopogonidae,Chironomidae,Dixidae,Empididae,Limoniidae,Pediciidae,Simuliidae,Muscidae,Diptera non det.,Diptera pupa
5,0,C,10,119,3,37,20,3,0,1,0,4,0,0,0,0,0,10,0,74,0,1,0,0,0,37,35,0,0,0,0,0,0,0,0,0,0,0,0,0,0,0,4,0,0,1,0,0,0,1,0,1,6,0,0,0,0,0,36,2,0,0,4,160,0,0,0,0,1,0,0,15
5,1,C,0,21,234,0,0,0,0,0,1,0,3,0,14,0,0,2,0,30,0,0,0,0,0,0,2,0,0,0,0,0,0,0,1,0,0,0,0,0,0,0,0,0,0,0,0,0,0,0,0,0,0,0,0,0,0,0,0,0,0,0,1,1086,0,1,0,0,0,0,0,10
5,2,C,0,2,0,0,1,0,0,0,0,0,0,0,0,0,11,0,0,0,0,0,1,1,2,0,0,0,0,0,0,0,0,0,0,0,1,0,0,0,0,0,0,0,0,0,0,0,0,0,0,1,0,0,0,0,0,0,0,0,0,0,0,0,0,0,0,0,0,0,0,0
14,0,C,7,143,4,35,7,4,0,0,3,1,1,1,0,0,0,16,0,60,0,2,0,0,0,30,28,0,0,0,0,0,0,0,1,0,1,0,0,0,0,1,0,0,0,2,0,0,0,0,0,7,0,0,3,0,0,0,25,3,0,1,3,131,0,0,0,1,1,1,0,7
14,1,C,0,22,146,1,0,0,0,0,1,0,0,0,10,0,0,3,0,29,0,0,0,0,0,0,2,0,0,0,0,0,0,0,0,0,0,0,0,0,0,0,0,0,0,0,0,0,0,0,0,1,0,0,0,0,0,0,0,0,0,0,0,540,0,0,0,0,0,0,0,9
14,2,C,0,1,0,0,0,1,0,0,0,0,0,0,0,0,4,0,0,0,0,0,1,0,0,0,0,0,0,0,0,0,0,0,0,0,0,0,0,0,0,0,0,0,0,0,0,0,0,0,0,1,0,0,0,0,0,0,0,0,0,0,0,3,0,0,0,0,0,0,0,0
28,0,C,5,102,4,32,15,2,0,0,1,1,4,1,0,0,0,17,0,52,0,1,0,0,0,53,38,0,0,0,0,0,0,0,0,0,0,0,0,0,0,0,2,0,1,0,0,0,0,0,0,4,0,0,0,0,0,0,18,0,0,3,2,142,0,0,0,1,1,0,1,16
28,1,C,0,17,259,0,0,0,0,0,0,0,5,0,24,0,0,6,0,46,0,0,0,0,0,0,1,0,0,0,0,0,1,0,1,0,1,0,0,0,0,0,0,0,0,0,0,0,0,0,0,0,0,0,0,0,0,0,0,0,0,0,0,869,0,0,0,0,0,0,0,14
28,2,C,0,3,0,0,1,0,0,0,0,0,2,0,0,0,6,0,1,0,0,0,0,0,0,0,0,0,0,0,0,0,0,0,0,0,0,0,0,0,0,0,0,0,0,0,0,0,0,0,0,0,0,0,0,0,0,0,0,0,0,0,0,5,0,0,0,0,0,0,0,0
31,0,C,6,83,6,35,14,1,0,0,0,0,4,1,0,0,0,30,0,59,0,3,0,0,0,47,30,0,0,0,0,0,0,0,0,0,2,0,0,0,0,0,0,0,0,0,0,0,0,0,0,4,0,0,0,0,0,0,12,0,0,2,4,189,0,0,0,3,0,0,0,18
31,1,C,4,16,197,3,0,0,0,0,2,0,1,0,13,1,0,2,0,26,0,0,0,0,0,0,2,0,0,0,0,0,0,0,2,0,0,0,0,0,0,0,0,0,0,0,0,0,0,0,0,0,0,0,0,0,0,1,0,0,0,0,0,794,0,1,0,0,1,0,0,13
31,2,C,0,3,0,0,0,0,1,0,0,0,1,0,0,0,5,0,1,0,0,0,0,0,2,0,0,0,0,0,0,0,0,0,0,0,0,0,1,0,0,0,0,0,0,0,0,0,0,0,0,0,0,0,0,0,0,0,0,0,0,0,0,6,0,0,0,0,0,0,0,0
42,0,C,7,74,8,38,16,2,0,0,0,0,0,0,0,0,0,28,0,30,0,2,0,0,0,52,29,1,0,0,1,0,0,0,0,0,0,0,0,0,0,1,3,0,1,0,1,0,0,0,0,3,0,0,0,0,0,0,17,0,0,1,4,84,0,0,0,2,0,0,0,3
42,1,C,0,31,213,2,0,0,0,0,0,0,0,0,14,0,0,1,0,28,0,0,0,0,0,0,6,0,0,0,0,0,0,0,2,0,0,0,0,0,0,0,0,0,0,0,0,0,0,1,0,0,0,0,0,0,0,0,0,0,0,0,0,716,0,2,0,0,0,0,0,4
42,2,C,0,0,0,0,0,0,0,0,0,0,1,0,0,0,3,0,1,0,0,0,1,0,1,0,0,0,0,0,0,0,0,0,0,0,0,0,0,0,0,0,0,0,0,0,0,0,0,0,0,0,0,0,0,0,0,0,0,0,0,0,0,3,0,0,0,0,0,0,0,0
45,0,C,3,132,8,46,8,3,0,0,4,0,0,0,0,0,0,21,0,56,0,1,0,0,0,48,29,0,0,0,0,0,0,0,0,0,0,0,0,0,0,2,2,0,0,0,0,0,0,0,0,4,2,0,0,0,0,0,19,0,1,3,2,137,0,0,0,1,0,0,1,4
45,1,C,0,15,138,0,0,0,0,0,1,0,1,0,9,0,0,2,0,27,0,0,0,0,0,0,0,0,0,0,0,0,0,0,0,0,0,0,0,0,0,0,0,0,0,0,0,0,0,1,0,0,0,0,0,0,0,1,0,0,0,0,1,732,0,1,0,0,0,0,0,4
45,2,C,0,3,0,0,0,1,1,0,0,0,2,0,0,0,1,0,1,0,0,0,0,0,1,0,0,0,0,0,0,0,0,0,0,0,0,0,0,0,0,0,0,0,0,0,0,0,0,0,0,1,0,0,0,0,0,0,0,0,0,0,0,8,0,0,0,0,0,0,0,0
51,0,C,4,73,14,36,12,5,0,0,0,0,0,0,0,0,0,23,0,47,0,5,0,0,0,41,26,0,0,0,0,0,0,0,0,0,1,0,0,0,0,2,2,0,1,1,0,0,0,0,0,2,1,0,0,0,0,0,14,0,0,2,0,175,0,0,0,2,0,0,0,7
51,1,C,0,25,216,0,0,0,0,0,0,0,0,0,23,0,0,1,0,30,0,0,0,0,0,1,0,0,1,0,0,0,0,0,0,0,1,0,0,0,0,0,0,0,0,0,0,0,0,0,0,1,0,0,0,0,0,0,0,0,0,0,0,694,0,0,0,0,2,0,0,6
51,2,C,1,3,0,0,1,0,0,0,0,0,0,0,0,0,4,0,0,0,0,0,0,0,0,0,0,0,0,0,0,0,0,0,0,0,0,0,0,0,0,0,0,0,0,0,0,0,0,0,0,0,0,0,0,0,0,0,0,0,0,0,0,9,0,0,0,0,0,0,0,0
61,0,C,10,113,12,43,6,3,0,0,1,0,0,1,0,0,0,24,0,44,0,1,0,0,0,53,28,0,0,0,1,0,0,0,0,0,0,0,0,0,0,1,0,0,0,0,0,0,0,0,0,1,0,0,1,0,0,1,23,1,0,1,2,244,0,0,1,1,1,0,0,13
61,1,C,0,44,229,0,0,0,0,0,2,0,1,0,0,0,0,2,0,34,0,0,0,0,0,0,0,1,0,0,0,0,0,0,0,0,0,0,0,0,0,0,0,0,0,0,0,0,0,0,0,0,0,0,0,0,0,0,0,0,0,0,0,866,0,2,0,0,3,0,0,7
61,2,C,0,1,0,0,1,1,0,0,0,0,1,0,0,0,3,0,0,0,0,0,0,0,0,0,0,0,0,0,0,0,0,0,0,0,0,0,0,0,0,0,0,0,0,0,0,0,0,0,0,0,0,0,0,0,0,0,0,0,0,0,0,7,0,0,0,0,0,0,0,0
3,0,L,16,140,20,78,19,5,0,0,0,0,0,1,1,0,0,14,0,45,0,1,0,0,0,32,34,1,0,0,2,0,0,0,0,0,0,0,0,0,0,1,0,0,0,0,0,0,0,0,0,2,0,0,0,0,0,0,23,3,0,4,8,248,0,0,0,1,1,0,0,10
3,1,L,0,37,172,0,0,0,0,0,2,0,0,0,4,0,0,2,0,20,0,0,0,0,0,0,0,0,0,0,0,0,0,0,0,0,0,0,0,0,0,0,0,0,0,0,0,0,0,0,0,2,0,0,0,0,0,0,0,0,0,0,0,524,0,0,0,0,0,0,0,14
3,2,L,0,2,0,0,0,0,0,0,0,0,1,0,0,0,6,0,1,0,0,0,0,0,3,0,0,0,0,0,0,0,0,0,0,0,0,0,1,0,0,0,0,0,0,0,0,0,0,0,0,0,0,0,0,0,0,0,0,0,0,0,0,6,0,0,0,0,0,0,0,0
8,0,L,6,142,11,43,18,14,0,0,0,3,1,1,0,0,0,14,0,46,0,0,0,0,0,20,36,0,0,0,0,0,0,0,0,0,0,0,0,0,0,0,1,0,0,0,0,0,0,0,0,3,1,0,0,0,0,0,22,0,0,0,4,204,0,0,0,1,0,0,0,11
8,1,L,0,14,240,0,0,0,0,0,1,0,0,0,5,0,0,2,0,23,0,0,0,0,0,0,8,0,0,0,0,0,0,0,0,0,0,0,0,0,0,0,0,0,0,0,0,0,0,0,0,0,0,0,0,0,0,1,0,0,0,0,0,627,0,0,0,0,0,0,0,12
8,2,L,0,12,0,0,6,0,1,0,0,0,1,0,0,0,2,0,1,0,0,0,2,0,1,0,0,0,0,0,0,0,0,0,0,0,0,0,0,0,0,0,0,0,0,0,0,0,0,0,0,0,0,0,0,0,0,0,0,0,0,0,0,5,0,0,0,0,1,0,0,0
17,0,L,6,139,10,41,20,2,0,0,1,0,2,1,0,0,0,25,0,21,0,1,0,0,0,47,23,0,0,0,0,0,0,0,0,0,0,0,0,0,0,0,0,0,1,0,0,0,0,0,0,3,4,0,2,0,0,0,43,0,0,1,9,164,0,0,0,2,0,0,0,12
17,1,L,6,23,146,0,0,0,0,0,1,0,0,0,11,0,0,3,0,24,0,0,0,0,0,0,10,0,0,0,0,0,0,0,0,0,0,0,0,0,0,0,0,0,0,0,0,0,0,0,0,0,0,0,0,0,0,1,0,0,0,0,0,449,0,1,0,0,0,0,0,7
17,2,L,0,0,0,0,1,1,2,0,0,0,1,0,0,0,6,0,0,0,0,0,0,0,11,0,0,0,0,0,0,0,0,0,1,0,0,0,0,0,0,0,0,0,0,0,0,0,0,0,0,0,0,0,0,0,0,0,0,0,0,0,0,3,0,0,0,0,0,0,0,0
18,0,L,11,143,8,48,28,4,0,0,0,2,0,0,0,0,0,24,0,43,0,3,0,0,0,77,30,0,0,0,0,0,0,0,0,0,0,0,0,0,0,1,1,0,0,2,0,0,0,0,0,4,0,0,2,0,0,0,20,1,0,0,1,150,0,0,1,1,0,0,0,17
18,1,L,1,17,197,3,0,0,0,0,0,1,1,0,14,0,0,8,0,27,0,0,0,0,0,0,1,1,0,0,0,0,0,0,0,0,0,0,0,0,0,0,0,0,0,0,0,0,0,0,0,0,0,0,0,0,0,1,0,0,0,0,0,459,0,0,0,1,0,0,0,6
18,2,L,0,1,0,0,0,0,0,1,0,0,1,0,0,0,20,0,0,0,0,0,1,1,8,0,0,0,0,0,0,0,0,0,0,0,0,0,1,0,0,0,0,0,0,0,0,0,0,0,0,1,0,0,0,0,0,0,0,0,0,0,0,5,0,0,0,0,0,0,0,0
40,0,L,10,119,8,41,11,2,0,0,0,0,1,0,0,0,0,13,0,26,0,2,0,0,0,33,25,0,0,0,1,0,0,0,0,0,0,0,0,0,0,1,0,0,0,1,0,0,0,0,0,0,0,0,2,0,0,0,15,0,0,2,8,190,0,1,0,2,0,0,0,7
40,1,L,0,35,149,0,0,0,0,0,2,0,0,0,7,0,0,3,0,18,0,0,0,0,0,0,3,0,0,0,1,0,0,0,0,0,0,0,0,0,0,0,0,0,0,0,0,0,0,0,0,0,0,0,0,0,0,0,0,0,0,0,0,476,0,0,0,0,1,0,0,6
40,2,L,0,4,0,0,0,0,0,0,0,0,0,0,0,0,11,0,0,0,0,0,0,0,10,0,0,0,0,0,0,0,0,0,0,0,0,0,0,0,0,0,0,0,0,0,0,0,0,0,0,0,0,0,0,0,0,0,0,0,0,0,0,6,0,0,0,1,0,0,0,0
41,0,L,7,83,12,57,12,5,0,0,3,1,0,2,0,0,0,26,0,50,0,2,0,0,0,45,35,0,0,0,0,0,0,0,0,0,0,0,0,0,0,2,1,0,1,0,0,0,0,0,0,2,0,0,0,0,0,0,14,0,1,1,6,212,0,1,2,2,1,0,1,9
41,1,L,3,7,190,0,0,0,0,0,0,0,0,0,4,0,0,1,0,21,0,0,0,0,0,1,3,0,0,0,0,0,0,0,0,0,0,0,0,0,0,0,0,0,0,0,0,0,0,0,0,0,0,0,0,0,0,0,0,0,1,0,0,523,0,2,0,0,0,0,0,6
41,2,L,0,2,0,0,0,0,1,0,0,0,1,0,0,0,10,0,0,0,0,0,1,0,0,0,0,0,0,0,0,0,0,0,0,0,0,0,0,0,0,0,0,0,0,0,0,0,0,0,0,1,0,0,0,0,0,0,0,0,0,0,0,4,0,0,0,0,0,0,0,0
55,0,L,4,85,41,36,3,4,0,0,0,0,0,1,0,0,0,11,0,36,0,2,0,0,0,39,21,0,0,0,0,0,0,0,0,0,0,0,0,0,0,1,0,0,0,0,1,0,0,0,0,1,1,0,0,0,0,0,23,0,0,0,1,278,0,0,0,3,2,0,0,10
55,1,L,0,43,229,0,0,0,0,0,0,0,3,0,3,0,0,0,0,24,0,0,0,0,0,0,0,0,0,0,0,0,0,0,0,0,0,0,0,0,0,0,0,0,0,0,0,0,0,0,0,0,0,0,0,0,0,0,0,0,0,0,1,583,0,0,0,0,0,0,0,9
55,2,L,0,7,0,0,1,0,1,0,0,0,1,0,0,0,3,0,0,0,0,0,0,0,0,0,0,0,0,0,0,0,0,0,0,0,0,0,0,0,0,0,0,0,0,0,0,0,0,1,0,0,0,0,0,0,0,0,0,0,0,0,0,3,0,0,0,0,0,0,0,0
57,0,L,4,100,48,32,5,4,0,0,1,0,2,0,0,0,0,12,0,44,0,1,0,0,0,34,24,0,0,0,0,0,0,0,0,0,0,0,0,0,0,0,0,0,2,0,0,0,0,0,0,0,1,0,0,0,0,0,16,0,0,0,7,156,0,0,0,2,0,0,0,3
57,1,L,0,47,179,0,0,0,0,0,1,0,1,0,7,0,0,1,0,30,0,0,0,0,0,1,2,0,0,0,0,0,0,0,0,0,0,0,0,0,0,0,0,0,0,0,0,0,0,0,0,0,0,0,0,0,0,0,0,0,0,0,1,371,0,0,0,0,0,0,0,6
57,2,L,0,2,0,0,0,1,0,0,0,0,1,0,0,0,4,0,0,0,0,0,0,0,1,0,0,0,0,0,0,0,0,0,0,0,0,0,0,0,0,0,0,0,0,0,0,0,0,0,0,0,0,0,1,0,0,0,0,0,0,0,0,4,0,0,0,0,0,0,0,0
7,0,LN,9,106,7,66,9,11,0,0,2,3,0,2,1,0,0,13,0,44,0,4,0,0,0,52,27,0,0,0,0,0,0,0,0,0,0,0,0,0,0,2,0,0,1,0,0,0,0,0,0,2,4,0,1,0,0,0,30,5,0,0,3,211,0,0,0,3,1,0,0,10
7,1,LN,0,60,127,0,0,0,0,0,0,0,0,0,10,0,0,3,0,22,0,0,0,0,0,0,2,0,0,0,0,0,0,0,1,0,0,0,0,0,0,0,0,0,0,0,0,0,0,0,0,2,0,0,0,0,0,0,0,0,0,0,0,505,0,0,0,0,0,0,0,8
7,2,LN,0,2,0,0,3,1,4,0,0,0,0,0,0,0,9,0,0,0,0,0,0,0,6,0,0,0,0,0,0,0,0,0,0,0,2,0,1,0,0,0,0,0,0,0,0,0,0,0,0,3,0,0,0,0,0,0,0,0,0,0,0,1,0,0,0,1,0,0,0,0
13,0,LN,14,184,12,28,13,1,0,0,2,0,0,0,0,0,0,7,0,33,0,0,0,0,0,19,30,0,0,0,0,0,0,0,0,0,0,0,0,0,0,2,0,0,1,0,1,0,0,0,0,0,0,0,2,0,0,0,17,0,0,0,5,172,0,0,0,5,0,0,0,8
13,1,LN,0,15,162,0,0,0,0,0,1,0,0,0,5,0,0,2,0,18,0,0,0,0,0,0,3,0,0,0,0,0,0,0,0,0,0,0,0,0,0,0,0,0,0,0,0,0,0,0,0,2,0,0,0,0,0,0,0,0,0,0,0,475,0,0,0,0,0,0,0,8
13,2,LN,0,4,0,0,1,1,0,0,0,0,2,0,0,0,16,0,2,0,0,0,0,0,2,0,0,0,0,0,0,0,0,0,0,0,0,0,1,0,0,0,0,0,0,0,0,0,0,0,0,0,0,0,0,0,0,0,0,0,0,0,0,2,0,0,0,0,0,0,0,0
23,0,LN,8,92,13,36,14,3,0,0,1,1,1,1,0,0,0,12,0,38,0,0,0,0,0,53,26,0,0,0,0,0,0,0,0,0,0,0,0,0,0,0,0,0,0,0,0,0,0,0,0,3,0,0,1,0,0,0,33,0,0,0,5,183,0,0,0,3,0,0,2,15
23,1,LN,0,17,283,0,0,0,0,0,1,1,1,0,7,0,0,1,0,31,0,0,0,0,0,0,2,0,0,0,0,0,0,0,2,0,0,0,0,0,0,0,0,0,0,0,0,0,0,0,0,1,0,0,0,0,0,0,0,0,0,0,0,653,0,0,0,0,0,0,0,15
23,2,LN,0,0,0,0,0,0,1,0,0,0,2,0,0,0,20,0,0,0,0,0,0,0,6,0,0,0,0,0,0,0,0,0,0,0,0,0,0,0,0,0,0,0,0,0,0,0,0,0,0,0,0,0,0,0,0,0,0,0,0,0,0,5,0,0,0,0,0,0,0,0
32,0,LN,9,122,16,26,13,1,0,0,0,1,1,1,0,0,0,6,0,27,0,0,0,0,0,41,18,0,0,0,0,0,0,0,0,0,1,0,0,0,0,1,6,0,0,1,0,0,0,0,0,1,2,0,1,0,0,1,31,0,0,0,8,158,0,0,1,2,0,0,0,6
32,1,LN,0,10,251,0,0,0,0,0,0,0,1,0,8,0,0,1,0,14,0,0,0,0,0,0,1,0,0,0,0,0,0,0,0,0,0,0,0,0,0,0,0,0,0,0,0,0,0,0,0,0,0,0,0,0,0,0,0,0,0,0,0,792,0,0,1,0,0,0,0,13
32,2,LN,0,2,0,0,0,0,0,0,0,0,0,0,0,0,18,0,0,0,0,0,2,0,11,0,1,0,0,0,0,0,0,0,0,0,0,0,0,0,0,0,0,0,0,0,0,0,0,0,0,0,0,0,0,0,0,1,0,0,1,0,0,8,0,0,0,0,0,0,0,0
34,0,LN,10,121,19,44,21,2,0,0,0,1,0,0,0,0,0,17,0,22,0,0,0,0,0,54,23,0,0,0,0,0,0,0,0,0,0,0,0,0,0,0,1,0,0,0,0,0,0,0,0,1,0,0,2,0,0,0,21,1,0,0,3,247,0,0,1,0,0,0,0,13
34,1,LN,5,49,155,5,0,0,0,0,1,0,0,0,2,0,0,3,0,24,0,0,0,0,0,0,1,0,0,0,0,0,0,1,0,0,0,0,0,0,0,0,0,0,0,0,0,0,0,0,0,3,0,0,0,0,0,0,0,0,0,0,0,581,0,0,0,0,0,0,0,9
34,2,LN,0,2,0,0,1,1,1,0,0,0,1,0,0,0,18,0,0,0,0,0,1,0,1,0,0,0,0,0,0,0,0,0,0,0,0,0,1,0,0,0,0,0,0,0,0,0,0,0,0,1,0,0,0,0,0,0,0,0,0,0,0,4,0,0,0,0,0,0,0,0
37,0,LN,6,112,5,36,11,3,0,0,2,1,1,0,0,0,0,6,0,22,0,5,0,0,0,29,19,1,0,0,0,0,0,0,0,0,0,0,0,0,0,1,1,0,1,0,0,0,0,0,0,1,1,0,1,0,0,0,24,0,0,1,4,110,0,0,1,3,1,0,0,9
37,1,LN,0,30,268,1,0,0,0,0,0,0,0,1,3,0,0,1,0,15,0,0,0,0,0,0,3,0,0,0,0,0,0,0,0,0,1,0,0,0,0,0,0,0,0,0,0,0,0,0,0,2,0,0,0,0,0,0,0,0,0,0,0,746,0,0,0,0,0,0,0,12
37,2,LN,0,4,0,0,1,0,1,0,0,0,1,0,0,0,5,0,1,0,0,0,1,0,6,0,0,0,0,0,0,0,0,0,0,0,0,0,0,0,0,0,0,0,0,0,0,0,0,0,0,0,0,0,0,0,0,0,0,0,0,0,0,2,0,0,0,0,0,0,0,0
53,0,LN,14,140,19,33,8,2,0,0,0,0,0,0,0,0,0,11,0,42,0,2,0,0,0,27,25,0,1,0,0,0,1,0,0,0,0,0,0,0,0,2,0,0,0,0,0,0,1,0,0,2,1,0,1,0,0,0,16,0,0,0,0,215,0,0,0,1,1,0,1,13
53,1,LN,1,42,268,0,0,0,0,0,0,0,3,0,5,2,0,0,0,25,0,0,0,0,0,1,0,0,0,0,0,0,0,0,0,0,0,0,0,0,0,0,0,0,0,0,0,0,0,0,0,0,0,0,0,0,0,0,0,0,0,0,0,597,0,0,0,0,0,0,0,9
53,2,LN,0,3,0,0,0,0,0,0,0,0,3,0,0,0,15,0,0,0,0,0,2,1,23,0,0,0,0,0,0,0,0,0,0,0,0,0,0,0,0,0,0,0,0,0,0,0,0,0,0,0,0,0,0,0,0,0,0,0,0,0,0,1,0,0,0,0,0,0,0,0
54,0,LN,10,109,18,47,13,3,0,0,1,0,0,1,0,0,0,4,0,24,0,5,0,0,0,45,27,0,0,0,0,0,0,0,0,0,1,0,0,0,0,1,0,0,1,0,0,0,0,0,0,1,0,0,0,0,0,0,15,2,0,0,6,185,0,0,0,2,0,0,0,9
54,1,LN,0,18,316,1,0,0,0,0,1,1,1,0,0,0,0,1,0,17,0,0,0,0,0,0,2,0,0,0,0,0,0,0,0,0,0,0,0,0,0,0,0,0,0,0,0,0,0,0,0,0,0,0,0,0,0,0,0,0,0,0,0,756,0,2,0,0,0,0,0,13
54,2,LN,0,1,0,0,0,0,0,0,0,0,1,0,0,0,9,0,1,0,0,0,0,0,5,0,0,0,0,0,0,0,0,0,0,0,0,0,0,0,0,0,0,0,0,0,0,0,0,0,0,1,0,0,0,0,0,0,0,0,0,0,0,3,0,0,0,0,0,0,0,0
10,0,LNS,22,100,78,38,14,6,0,0,0,0,0,1,0,0,0,3,0,26,0,0,0,0,0,6,16,1,0,0,0,0,0,0,0,0,0,0,0,0,0,0,0,0,0,0,0,0,0,1,0,0,0,0,0,0,0,0,13,1,0,1,7,443,0,0,1,3,0,0,0,7
10,1,LNS,0,70,132,0,0,0,0,0,1,0,0,0,3,0,0,0,0,27,0,0,0,0,0,0,6,0,0,0,0,0,0,0,0,0,1,0,0,0,0,0,0,0,0,0,0,0,0,1,0,0,0,0,0,0,0,0,0,0,0,0,0,447,0,0,0,0,0,0,0,4
10,2,LNS,0,3,0,0,2,1,0,1,0,0,0,0,0,0,33,0,1,0,0,0,2,3,46,0,2,0,0,0,0,0,0,0,0,0,0,0,1,0,0,0,0,0,1,0,0,0,0,0,0,2,0,0,0,0,0,0,0,0,0,0,0,8,0,0,0,0,0,0,0,0
11,0,LNS,8,82,31,55,14,4,0,0,0,0,1,1,0,0,0,6,0,17,0,0,0,0,0,12,17,0,0,0,0,0,0,0,0,0,0,0,0,0,0,0,1,0,0,0,0,0,0,0,0,0,2,0,0,0,0,0,25,1,1,2,1,404,0,0,1,1,5,0,1,5
11,1,LNS,0,43,215,0,0,0,0,0,0,0,0,0,13,0,0,0,0,27,0,0,0,0,0,0,11,0,0,0,0,0,0,0,0,0,0,0,0,0,0,0,0,0,0,0,0,0,0,0,0,2,0,0,0,0,0,0,0,0,0,0,0,726,0,1,0,0,0,0,0,8
11,2,LNS,0,6,0,0,1,0,1,0,0,0,4,0,0,0,21,0,2,0,0,0,2,1,37,0,3,0,0,0,0,0,0,0,0,0,0,0,0,0,0,0,0,0,0,0,0,0,0,0,0,1,0,1,0,0,0,0,0,0,0,0,0,12,0,0,0,0,0,0,0,0
26,0,LNS,15,57,118,33,18,5,0,0,0,0,0,1,0,0,0,5,0,15,0,0,0,0,0,5,22,2,0,0,0,0,0,0,0,0,0,0,0,0,0,2,2,0,0,0,0,0,0,0,0,1,1,0,0,0,0,0,23,0,0,1,6,648,0,0,0,3,0,0,0,13
26,1,LNS,1,2,295,0,0,0,0,0,0,2,0,0,5,0,0,1,0,20,0,0,0,0,0,0,4,0,0,0,0,0,0,0,1,0,0,0,0,0,0,0,0,0,0,0,0,0,0,0,0,3,0,0,0,0,0,0,0,0,0,0,0,646,0,0,0,0,0,0,0,18
26,2,LNS,1,4,0,0,3,0,1,0,0,0,1,0,0,0,17,0,1,0,0,0,1,1,40,0,6,0,0,0,0,0,0,0,0,0,0,0,0,0,0,1,0,0,0,0,0,0,0,0,0,3,0,0,0,0,0,0,0,0,0,0,0,9,0,0,0,0,0,0,0,0
29,0,LNS,14,77,57,36,14,3,0,0,0,2,0,1,0,0,0,11,0,14,0,0,0,0,0,32,17,0,0,0,0,0,0,0,0,0,0,0,0,0,0,0,0,0,0,0,0,0,0,0,0,0,0,0,2,0,0,1,30,1,0,2,6,387,0,0,0,7,0,0,0,3
29,1,LNS,1,35,231,4,0,0,0,0,0,0,2,0,5,1,0,1,0,37,0,0,0,0,0,3,5,0,0,0,0,0,0,0,1,0,0,0,0,0,0,1,0,0,0,0,0,0,0,0,0,1,0,0,0,0,0,0,0,0,0,0,0,606,0,1,0,0,0,0,0,9
29,2,LNS,0,3,0,0,2,0,2,0,0,0,1,0,0,0,27,0,1,0,0,0,3,2,38,0,1,0,0,0,0,0,0,0,0,0,0,0,0,0,0,0,0,0,0,1,0,0,0,0,0,1,0,0,0,0,0,0,0,0,0,0,0,8,0,0,0,0,0,0,0,0
39,0,LNS,4,130,34,47,20,4,0,0,0,0,1,2,1,0,0,4,0,16,0,4,0,0,0,11,9,0,0,0,0,0,0,0,0,0,0,0,0,0,0,0,1,0,1,1,0,0,0,0,0,0,0,0,1,0,0,0,16,1,0,0,4,203,0,0,1,0,0,0,0,5
39,1,LNS,0,59,112,3,0,0,0,0,1,1,1,0,2,2,0,0,0,15,0,0,0,0,0,0,1,0,0,0,0,0,0,0,0,0,0,0,0,0,0,0,0,0,0,0,0,0,0,0,0,0,0,0,0,0,0,0,0,0,0,0,0,407,0,0,0,0,0,0,0,9
39,2,LNS,0,7,0,0,0,1,1,0,0,0,1,0,0,0,18,0,1,0,0,0,2,1,48,0,0,0,0,0,0,0,0,0,0,0,0,0,1,0,0,0,0,0,0,0,0,0,0,0,0,2,0,0,0,0,0,0,0,0,0,0,0,6,0,0,0,0,0,0,0,0
44,0,LNS,6,58,14,22,16,1,0,0,0,0,0,0,0,0,0,8,0,12,0,1,0,0,0,24,21,0,0,0,0,0,0,0,0,0,0,0,0,0,0,0,2,0,0,0,0,0,0,0,0,0,0,0,0,0,0,0,8,1,0,0,6,300,0,0,0,2,0,0,0,4
44,1,LNS,0,14,187,0,0,0,0,0,2,0,0,0,0,0,0,1,0,21,0,0,0,0,0,1,3,0,0,0,0,0,0,0,0,0,0,0,0,0,0,0,0,0,0,0,0,0,0,0,0,0,0,0,0,0,0,0,0,0,0,0,0,580,0,0,0,1,0,0,0,13
44,2,LNS,1,7,0,0,1,0,5,0,0,0,2,0,0,0,23,0,0,0,0,0,1,0,20,0,0,0,0,0,0,0,0,0,0,0,1,0,0,0,0,0,0,0,0,1,0,0,0,0,0,0,1,0,0,0,0,0,0,0,0,0,9,0,0,0,0,0,0,0,0,0
49,0,LNS,10,93,49,36,8,4,0,0,0,0,0,0,0,0,0,4,0,20,0,2,0,0,0,15,17,1,0,0,0,0,0,0,0,0,0,0,0,0,0,0,0,0,1,0,0,0,0,0,0,1,0,0,0,0,0,0,22,0,0,1,5,271,0,0,1,1,1,0,0,7
49,1,LNS,0,51,212,1,0,0,0,0,0,1,2,0,4,1,0,0,0,33,0,0,0,0,0,2,1,0,0,0,0,0,0,0,0,0,1,0,0,0,0,0,0,0,0,0,0,0,0,0,0,0,0,0,1,0,0,0,1,0,0,0,0,588,0,0,0,0,0,0,0,6
49,2,LNS,0,7,0,0,2,1,2,0,0,0,1,0,0,0,14,0,3,0,0,0,0,0,14,0,0,0,0,0,0,0,0,0,0,0,0,0,0,0,0,0,0,0,0,0,0,0,0,0,0,1,0,0,0,0,0,0,1,0,1,0,0,7,0,0,0,0,0,0,1,0
59,0,LNS,6,115,87,32,9,3,0,0,1,0,2,0,0,0,0,12,0,11,0,1,0,0,0,12,9,2,0,0,0,0,0,0,0,0,0,0,0,0,0,0,3,0,0,0,1,0,0,0,0,0,0,0,0,0,0,0,10,0,0,1,3,380,0,0,1,3,1,0,0,8
59,1,LNS,0,4,221,2,0,0,0,0,1,0,0,2,5,0,0,0,0,23,0,0,0,0,0,0,3,0,0,0,0,0,0,0,0,0,0,0,0,0,0,0,0,0,0,0,0,0,0,0,0,0,0,0,0,0,0,0,0,0,0,0,0,532,1,1,0,0,0,0,0,10
59,2,LNS,1,3,0,0,0,2,0,0,0,0,0,0,0,0,13,0,0,0,0,0,0,0,49,0,0,0,0,0,0,0,0,0,0,0,0,0,0,0,0,0,0,0,0,0,0,0,0,0,0,1,0,0,0,0,0,0,0,0,0,0,0,18,0,0,0,0,0,0,0,0
2,0,LS,11,62,130,64,17,6,0,0,0,3,0,0,0,0,0,9,0,19,0,0,0,0,0,11,23,0,0,0,1,0,0,0,0,0,0,0,0,0,0,0,2,0,0,0,0,0,0,0,0,1,0,0,0,0,1,0,25,4,0,0,10,814,0,0,0,3,0,0,1,9
2,1,LS,0,36,173,2,0,0,0,0,1,1,0,0,7,0,0,6,0,37,0,0,0,0,0,1,4,0,0,0,0,0,0,0,0,0,0,0,0,0,0,0,0,0,0,0,0,0,0,0,0,1,0,0,0,0,0,0,0,0,0,0,0,744,0,1,0,0,1,0,0,13
2,2,LS,0,6,0,0,5,5,4,0,0,0,1,0,0,0,16,0,1,0,0,0,0,3,14,0,1,0,0,0,0,0,0,0,0,0,1,0,1,0,0,0,0,0,0,0,0,0,0,0,0,1,0,0,0,1,0,0,0,0,0,0,0,13,0,0,0,0,0,0,0,0
12,0,LS,10,121,17,42,20,5,0,0,0,0,0,1,0,0,0,10,0,14,0,2,0,0,0,11,20,0,0,0,0,0,0,0,0,0,0,0,0,0,0,2,2,0,1,0,0,0,0,0,0,1,0,0,0,0,0,0,24,0,1,0,8,219,0,0,1,2,0,0,1,12
12,1,LS,0,60,160,0,0,0,0,0,1,0,0,0,9,0,0,0,0,24,0,0,0,0,0,0,9,0,0,0,0,0,0,0,0,0,0,0,0,0,0,0,0,0,0,0,0,0,0,0,0,5,0,0,0,1,0,0,0,0,0,0,1,610,0,0,0,0,0,0,0,10
12,2,LS,0,3,0,0,2,0,1,0,0,0,2,0,0,0,26,0,3,0,0,0,2,0,39,0,1,0,0,0,0,0,0,0,0,0,0,0,0,0,0,0,0,0,0,0,0,0,0,0,0,3,0,0,0,0,0,0,1,0,0,0,0,10,0,0,0,0,0,0,0,0
24,0,LS,9,60,112,38,14,3,0,0,2,1,0,1,0,0,0,10,0,46,0,1,0,0,0,9,18,1,0,0,0,0,0,0,0,0,0,0,0,0,0,2,1,0,0,0,0,0,0,0,0,2,2,0,0,0,0,1,25,1,0,0,13,853,0,0,0,5,0,1,0,17
24,1,LS,0,31,258,0,0,0,0,0,1,1,2,0,6,0,0,0,0,68,0,0,0,0,0,0,7,0,0,0,0,0,0,0,0,0,0,0,0,0,0,0,0,0,0,0,0,0,0,0,0,1,0,0,1,1,0,0,0,0,0,0,0,624,0,1,0,0,0,0,0,7
24,2,LS,0,3,0,0,1,1,1,0,0,0,0,0,0,0,4,0,0,0,0,0,1,2,33,0,2,0,0,0,0,0,0,0,0,0,2,0,1,0,0,0,0,0,1,0,0,0,0,0,0,2,0,0,0,0,0,0,1,0,0,0,0,5,0,0,0,0,0,0,0,0
30,0,LS,13,73,39,62,16,5,0,0,0,0,1,0,0,0,0,13,0,24,0,0,0,0,0,21,16,1,0,0,0,0,0,0,0,0,0,0,0,0,0,2,1,0,1,0,0,0,0,0,0,2,0,0,0,0,0,0,21,1,0,3,7,254,0,0,0,3,1,0,0,11
30,1,LS,0,30,189,1,0,0,0,0,2,1,1,0,7,0,0,3,0,28,0,0,0,0,0,0,8,0,0,0,0,0,0,0,1,0,0,0,0,0,0,0,0,0,0,0,0,0,0,0,0,0,0,0,0,0,0,0,0,0,1,0,0,616,0,1,0,0,0,0,0,13
30,2,LS,0,0,0,0,2,0,2,0,0,0,1,0,0,0,17,0,4,0,0,0,1,0,31,0,0,0,0,0,0,0,0,0,0,0,0,0,1,0,0,0,0,0,0,0,0,0,0,0,0,3,0,0,0,0,0,0,0,0,0,0,0,3,0,0,0,0,0,0,0,0
36,0,LS,5,107,0,33,7,2,0,0,1,1,0,1,0,0,0,9,0,7,0,2,0,0,0,12,14,0,0,0,0,0,0,0,0,0,0,0,0,0,0,0,1,0,0,0,0,0,0,0,0,0,0,0,0,0,0,0,20,1,0,0,2,139,0,0,1,3,0,1,0,4
36,1,LS,0,17,222,1,0,0,0,0,0,0,2,0,9,0,0,1,0,30,0,0,0,0,0,0,3,0,0,0,0,0,0,0,1,0,0,0,0,0,0,0,0,0,0,0,0,0,0,0,0,1,0,0,0,0,0,1,0,0,0,0,0,672,0,0,0,0,0,0,0,4
36,2,LS,0,8,0,0,4,0,1,0,0,0,1,0,0,0,14,0,1,0,0,0,0,1,57,0,4,0,0,0,0,0,0,0,1,0,0,0,1,0,0,0,0,0,0,0,0,0,0,0,0,0,0,0,0,0,0,0,0,0,0,0,0,13,0,0,0,0,0,0,0,0
38,0,LS,9,66,35,38,14,2,0,0,0,0,0,1,0,0,0,10,0,7,0,3,0,0,0,30,21,0,0,0,1,0,0,0,1,0,0,0,0,0,0,4,0,0,0,0,0,0,0,0,0,2,1,0,0,0,0,0,28,0,0,0,5,231,0,0,0,2,1,0,0,8
38,1,LS,1,80,97,4,0,0,0,0,1,0,1,0,5,0,0,4,0,30,0,0,0,0,0,0,4,0,0,0,0,0,0,0,0,0,0,0,0,0,0,0,0,0,0,0,0,0,0,1,0,0,0,0,0,0,0,0,0,0,0,0,0,467,0,1,0,0,0,0,0,7
38,2,LS,1,6,0,0,2,1,0,0,0,0,1,0,0,0,13,0,0,0,0,0,1,2,21,0,2,0,0,0,0,0,0,0,1,0,1,0,0,0,0,0,0,0,0,0,0,0,0,0,0,0,0,0,0,0,0,0,0,0,0,0,0,11,0,0,0,0,0,0,0,0
56,0,LS,3,99,9,43,14,3,0,0,0,0,0,3,0,0,0,6,0,10,0,2,0,0,0,22,13,0,0,0,0,0,0,0,0,0,0,0,0,0,0,1,0,0,0,1,0,0,0,0,0,0,2,0,0,0,0,0,14,1,0,0,3,156,0,0,0,1,0,0,0,6
56,1,LS,0,43,169,0,0,0,0,0,1,0,2,0,3,0,0,1,0,28,0,0,0,0,0,1,5,0,0,0,0,0,0,0,0,0,0,0,0,0,0,0,0,0,0,0,0,0,0,0,0,1,0,0,0,0,0,0,0,0,0,0,0,531,0,0,0,0,0,0,0,12
56,2,LS,0,4,0,0,4,0,0,0,0,0,1,1,0,0,10,0,2,0,0,0,1,2,23,0,2,0,0,0,0,0,0,0,0,0,1,0,0,0,0,0,0,0,4,0,1,0,0,0,0,3,0,0,0,0,0,0,0,0,0,0,0,3,0,0,0,0,0,0,0,0
58,0,LS,9,124,64,74,6,5,0,0,0,0,0,0,0,0,0,8,0,15,0,3,0,0,0,12,17,1,0,0,0,0,0,0,0,0,0,0,0,0,0,3,2,0,0,1,0,0,0,0,0,0,1,0,0,0,0,0,16,0,0,2,9,275,0,0,0,1,1,0,0,8
58,1,LS,3,19,144,0,0,0,0,0,0,0,0,0,5,0,0,0,0,24,0,0,0,0,0,0,4,0,0,0,0,0,0,0,1,0,0,0,0,0,0,0,0,0,0,0,0,0,0,0,0,1,0,0,0,0,0,0,0,0,0,0,0,479,0,1,1,0,0,0,0,6
58,2,LS,1,9,0,0,2,0,0,0,1,0,1,0,0,0,17,0,2,0,0,0,3,0,44,0,3,0,0,0,0,0,0,0,0,0,0,0,0,0,0,0,0,0,0,0,0,0,0,0,0,3,0,0,0,0,0,0,0,0,0,0,0,11,0,0,0,0,0,0,0,0
6,0,N,4,108,6,80,19,6,0,0,2,0,0,0,2,0,0,20,0,32,0,1,0,0,0,58,33,0,0,0,1,0,0,0,0,0,0,0,0,0,0,1,1,0,0,0,0,0,0,0,0,6,12,0,0,0,0,1,25,2,0,0,1,146,0,0,0,0,2,0,0,4
6,1,N,0,34,248,2,0,0,0,0,2,0,0,0,11,0,0,4,0,30,0,0,0,0,0,0,2,0,0,0,0,0,0,0,1,0,0,0,0,0,0,0,0,0,0,0,0,0,0,0,0,2,0,0,0,0,0,0,0,0,0,0,1,981,0,0,0,0,2,0,0,4
6,2,N,0,0,0,0,0,1,0,0,0,0,1,0,0,0,4,0,0,0,0,0,0,0,3,0,1,0,0,0,0,0,0,0,0,0,0,0,0,0,0,0,0,1,0,0,0,0,0,0,0,1,0,0,0,0,0,0,0,0,0,0,0,4,0,0,0,0,0,0,0,0
16,0,N,6,92,2,28,13,3,0,1,1,0,3,2,0,0,0,23,0,43,0,2,0,0,0,56,33,0,0,0,0,0,0,0,0,0,1,0,0,0,0,0,2,0,0,1,0,0,0,0,1,7,0,0,0,0,0,0,22,0,0,0,0,158,0,1,1,0,0,0,0,11
16,1,N,0,101,172,1,0,0,0,0,1,0,0,0,13,0,0,1,0,29,0,0,0,0,0,0,1,0,0,0,0,0,0,0,0,0,0,0,0,0,0,0,0,0,0,0,0,0,0,0,0,1,0,0,0,0,0,0,0,0,0,0,0,975,0,1,0,0,1,0,1,7
16,2,N,0,3,0,0,1,0,0,0,0,0,2,0,0,0,7,0,1,0,0,0,1,1,2,0,0,0,0,0,0,0,0,0,0,0,0,0,0,0,0,0,0,0,0,0,0,0,0,0,0,0,0,0,0,0,0,0,0,0,0,0,0,3,0,0,0,0,1,0,0,0
19,0,N,6,79,0,28,21,4,0,0,1,0,1,0,0,0,0,16,0,28,0,1,0,0,0,53,15,0,0,0,1,0,0,0,0,0,0,0,0,0,0,0,3,0,1,0,0,0,0,0,0,7,0,0,0,0,0,0,30,0,0,0,1,103,0,0,0,1,0,0,0,6
19,1,N,1,12,213,4,0,0,0,0,0,0,2,0,12,0,0,0,0,22,0,0,0,0,0,0,1,0,0,0,0,0,1,0,1,1,0,0,0,0,0,0,0,0,0,0,0,0,0,0,0,1,0,0,0,0,0,1,0,0,0,0,0,954,0,1,0,0,1,0,0,6
19,2,N,0,0,0,0,0,0,0,0,0,0,1,0,0,0,13,0,0,0,0,0,0,0,3,0,0,0,0,0,0,0,0,0,0,0,0,0,0,0,0,0,0,0,0,0,0,0,0,0,0,0,0,0,0,0,0,0,0,0,0,0,0,7,0,0,0,0,1,0,0,0
25,0,N,5,94,1,29,10,3,0,0,0,0,1,0,0,0,0,16,0,40,0,1,0,0,0,45,24,0,0,0,0,0,0,0,0,0,0,0,0,0,0,0,1,0,0,0,0,0,0,0,0,3,3,0,0,0,0,0,16,0,0,0,1,169,0,0,0,1,0,0,0,8
25,1,N,0,10,223,0,0,0,0,0,1,0,1,0,10,0,0,0,0,12,0,0,0,0,0,0,0,0,0,0,0,0,0,0,1,0,0,0,0,0,0,0,0,0,0,0,0,0,0,0,0,1,0,0,0,0,0,0,0,0,0,0,0,908,0,0,0,0,0,0,0,9
25,2,N,0,3,0,0,1,0,0,0,0,0,3,0,0,0,2,0,1,0,0,0,1,0,0,0,0,0,0,0,0,0,0,0,0,0,0,0,0,0,0,0,0,0,0,0,0,0,0,0,0,0,0,0,0,0,0,0,0,0,0,0,0,5,0,0,0,0,0,0,0,0
33,0,N,4,80,0,34,9,4,0,0,0,0,0,3,0,0,0,36,0,20,0,0,0,0,0,44,29,0,0,0,0,0,0,0,0,0,0,0,0,0,0,1,0,0,0,0,0,0,0,0,0,1,0,0,0,0,0,0,28,0,1,3,2,160,0,0,1,0,0,0,0,7
33,1,N,0,14,143,1,0,0,0,0,0,2,0,0,6,0,0,0,0,11,0,0,0,0,0,0,1,0,0,0,0,0,0,0,0,0,0,0,0,0,0,0,0,0,0,0,0,0,0,0,0,0,0,0,0,1,0,2,0,0,1,0,0,621,0,0,0,1,1,0,0,10
33,2,N,0,2,0,0,0,0,1,0,0,0,0,0,0,0,4,0,0,0,0,0,0,0,1,0,0,0,0,0,0,0,0,0,0,0,0,0,0,0,0,0,0,0,0,0,0,0,0,0,0,0,0,0,0,0,0,0,0,0,0,0,0,7,0,0,0,0,0,0,0,0
48,0,N,2,78,0,22,14,3,0,0,2,0,0,0,0,0,0,12,0,16,0,2,0,0,0,50,20,0,0,0,1,0,0,0,0,0,0,0,0,0,0,2,1,0,1,0,0,0,0,0,0,1,0,0,0,0,0,1,24,0,0,0,1,140,0,0,0,3,0,0,0,5
48,1,N,3,14,221,1,0,0,0,0,0,0,0,0,7,0,0,1,0,21,0,0,0,0,0,0,1,0,0,0,0,0,0,0,1,0,0,0,0,0,0,0,0,0,0,0,0,0,0,0,0,0,0,0,0,0,0,1,0,0,0,0,0,953,0,1,0,0,0,0,0,12
48,2,N,0,1,0,0,0,1,0,0,0,0,2,0,0,0,5,0,1,0,0,0,1,0,0,0,1,0,0,0,0,0,0,0,0,0,0,0,0,0,0,0,0,0,0,0,0,0,0,0,0,0,0,0,0,0,0,0,0,0,0,0,0,4,0,0,0,0,0,0,0,0
50,0,N,7,131,40,45,10,0,0,0,0,0,0,2,0,0,0,9,0,26,0,3,0,0,0,46,26,0,0,0,1,0,0,0,0,0,0,0,0,0,0,1,1,0,0,0,1,0,0,0,0,0,2,0,0,0,0,0,20,0,0,3,1,148,0,0,0,0,1,0,0,8
50,1,N,0,27,103,0,0,0,0,0,0,2,0,0,14,0,0,2,0,21,0,0,0,0,0,0,1,0,0,0,0,0,0,0,0,0,0,0,0,0,0,0,0,0,0,0,0,0,0,0,0,1,0,0,0,0,0,1,0,0,0,0,0,606,0,0,0,0,1,0,0,6
50,2,N,0,3,0,0,2,0,1,0,0,0,2,0,0,0,7,0,0,0,0,0,0,0,2,0,0,0,0,0,0,0,0,0,0,0,0,0,0,0,0,0,0,0,0,0,0,0,0,0,0,0,0,0,0,0,0,0,0,0,0,0,0,2,0,0,0,0,0,0,0,0
63,0,N,4,101,16,39,12,2,0,0,0,0,1,1,1,0,0,19,0,28,0,2,0,0,0,44,32,1,0,0,0,0,0,0,0,0,1,0,0,0,0,1,1,0,0,0,0,0,0,0,0,4,0,0,0,0,0,0,12,2,0,0,3,167,0,0,0,3,1,0,0,13
63,1,N,0,23,157,1,0,0,0,0,1,0,0,0,19,0,0,1,0,27,0,0,0,0,0,0,1,0,0,0,0,0,0,0,0,0,0,0,0,0,0,0,0,0,0,0,0,0,0,0,0,0,0,0,0,0,0,0,0,0,0,0,0,787,0,0,0,0,2,0,0,9
63,2,N,0,1,0,0,0,2,0,0,0,0,0,0,0,0,3,0,0,0,0,0,0,0,2,0,0,0,0,0,0,0,0,0,0,0,0,0,0,0,0,0,0,0,0,0,0,0,0,0,0,0,0,0,0,0,0,0,0,0,0,0,0,4,0,0,0,0,0,0,0,0
1,0,NS,11,55,76,58,10,4,0,0,0,1,0,0,0,0,0,5,0,21,0,1,0,0,0,14,23,7,0,0,0,0,0,0,1,0,0,0,0,0,0,4,3,0,0,0,0,0,0,0,0,1,3,0,2,0,0,0,22,1,0,0,5,346,0,0,1,0,1,0,0,9
1,1,NS,0,60,127,0,0,0,0,0,0,0,0,0,10,0,0,1,0,23,0,0,0,0,0,0,3,0,0,0,0,0,0,0,0,0,0,0,0,0,0,0,0,0,0,0,0,0,0,0,0,1,0,0,0,0,0,0,0,0,0,0,0,797,0,2,0,0,4,0,7,0
1,2,NS,0,6,0,0,2,1,1,0,0,0,2,0,0,0,37,0,2,0,0,0,0,0,21,0,0,0,0,0,0,0,0,0,0,0,1,0,0,0,0,0,0,0,1,0,0,0,0,0,0,2,0,0,0,0,0,0,0,0,0,0,0,17,0,0,0,0,0,0,0,0
4,0,NS,19,107,15,91,19,6,0,0,0,0,0,0,0,0,0,6,0,21,0,0,0,0,0,20,18,0,0,0,0,0,0,0,2,0,0,0,0,0,0,1,5,0,0,0,0,0,0,0,0,1,4,0,1,0,0,0,34,0,1,0,3,232,0,0,0,4,0,0,0,4
4,1,NS,0,41,168,1,0,0,0,0,2,0,0,0,17,0,0,0,0,27,0,0,0,0,0,0,1,0,0,0,0,0,0,0,0,0,0,0,0,0,0,0,0,0,0,0,0,0,0,0,0,0,0,0,0,0,0,0,0,0,0,0,0,858,0,0,0,0,2,0,0,10
4,2,NS,0,27,0,0,2,1,3,0,0,0,1,0,0,0,24,0,2,0,0,0,2,0,17,0,2,0,0,0,0,0,0,0,0,0,0,0,0,0,0,0,0,0,1,0,0,0,0,0,0,0,0,0,0,0,0,0,0,0,0,0,0,17,0,1,0,0,0,0,0,0
20,0,NS,7,50,12,53,17,6,0,0,0,0,0,0,0,0,0,17,0,21,0,2,0,0,0,38,20,3,0,0,0,0,0,0,0,0,0,0,0,0,0,1,1,0,0,0,0,0,0,0,0,0,2,0,0,0,0,0,31,2,0,0,6,159,0,0,3,1,6,0,0,3
20,1,NS,0,27,195,0,0,0,0,0,0,0,3,0,7,0,0,0,0,24,0,0,0,0,0,0,3,0,0,0,0,0,0,0,2,0,0,0,0,0,0,0,0,0,0,0,0,0,0,0,0,0,0,0,0,0,0,0,0,0,0,0,1,826,0,1,0,0,0,0,0,13
20,2,NS,0,4,0,0,2,0,1,0,0,0,2,0,0,0,24,0,1,0,0,0,1,1,19,0,1,0,0,0,0,0,0,0,0,0,0,0,0,0,0,0,0,0,3,0,0,0,0,0,0,1,0,0,1,0,0,0,0,0,0,0,0,16,0,0,0,0,0,0,0,0
22,0,NS,5,77,27,33,22,2,0,0,1,2,0,0,0,0,0,16,0,24,0,3,0,0,0,56,18,0,0,0,0,0,0,0,0,0,0,0,0,0,0,4,1,0,0,1,0,0,0,0,0,3,1,0,0,0,0,0,19,3,0,0,1,219,0,0,0,2,0,0,0,9
22,1,NS,2,35,274,0,0,0,0,0,4,0,0,0,9,0,0,0,0,25,0,0,0,0,0,1,5,0,0,0,0,0,0,0,0,0,0,0,0,0,0,2,0,0,0,0,0,0,0,0,0,0,0,0,0,0,0,0,0,0,0,0,0,969,0,0,0,0,0,0,0,12
22,2,NS,0,5,0,0,1,0,2,0,0,0,2,0,0,0,18,0,1,0,0,0,3,1,26,0,1,0,0,0,0,0,0,0,0,0,0,0,0,0,0,0,0,0,2,0,0,0,0,0,0,0,0,0,0,0,0,0,1,0,0,0,0,15,0,0,0,0,0,0,0,0
43,0,NS,9,87,35,48,12,4,0,0,1,0,0,1,0,0,0,13,0,17,0,3,0,0,0,22,17,0,0,0,1,0,0,0,0,0,0,0,0,0,0,1,2,0,0,0,0,0,0,0,0,2,0,0,0,0,0,0,17,0,0,0,5,362,0,0,0,3,0,0,0,6
43,1,NS,0,25,182,1,0,0,0,0,2,0,0,0,6,0,0,0,0,27,0,0,0,0,0,0,3,0,0,0,0,0,0,0,1,0,0,0,0,0,0,0,0,0,0,0,0,0,0,0,0,0,0,0,0,0,0,1,0,0,0,0,0,818,0,0,0,0,1,0,0,9
43,2,NS,0,6,0,0,0,0,0,0,0,0,1,0,0,0,13,0,2,0,1,0,2,0,12,0,1,0,0,0,0,0,0,0,0,0,0,0,1,0,0,0,0,0,0,0,0,0,0,0,0,0,0,0,2,0,0,0,0,0,0,0,0,7,0,0,0,0,0,0,0,0
46,0,NS,6,71,14,57,20,6,0,0,1,0,1,3,0,0,0,4,0,17,0,4,0,0,0,32,8,0,1,0,0,0,0,0,0,0,0,0,1,0,0,0,2,0,1,0,0,0,0,0,0,3,0,0,1,0,0,0,13,0,0,3,3,205,0,0,0,2,1,0,0,5
46,1,NS,0,37,163,1,0,0,0,0,2,0,0,0,14,0,0,1,0,12,0,0,0,0,0,0,3,0,0,0,0,0,0,0,1,0,0,0,0,0,0,0,0,0,0,0,0,0,0,0,0,2,0,0,0,0,0,1,0,0,0,0,0,715,0,1,0,0,0,0,0,3
46,2,NS,1,17,0,0,0,0,0,0,0,0,1,0,0,0,12,0,3,0,1,0,1,0,13,0,0,0,0,0,0,0,0,0,0,0,0,0,1,0,0,0,0,0,2,0,0,0,0,0,0,0,0,0,0,1,0,1,0,0,0,0,0,14,0,0,0,0,0,0,0,0
60,0,NS,13,62,53,37,11,4,0,0,0,0,0,0,0,0,0,8,0,19,0,2,0,0,0,26,23,2,0,0,0,0,0,0,0,0,0,0,0,0,0,1,2,0,0,0,0,0,0,0,0,3,0,0,1,0,0,0,14,3,1,0,5,227,0,0,0,3,0,0,0,6
60,1,NS,0,48,104,1,0,0,0,0,0,0,1,0,27,0,0,1,0,12,0,0,0,0,0,3,3,0,0,0,0,0,0,0,0,0,0,0,0,0,0,0,0,0,0,0,0,0,0,0,0,0,0,0,0,0,0,1,0,0,0,0,0,676,0,0,0,0,0,0,0,0
60,2,NS,1,6,0,0,0,0,0,0,0,0,1,0,0,0,18,0,4,0,0,0,1,0,8,0,1,0,0,0,0,0,0,0,0,0,0,0,0,0,0,0,0,0,2,0,1,0,0,0,0,2,0,0,1,0,0,0,0,0,0,0,0,6,0,0,0,0,0,0,0,0
64,0,NS,11,66,9,19,11,1,0,0,0,0,0,2,0,0,0,10,0,16,0,1,0,0,0,47,7,0,0,0,0,0,0,0,0,0,1,0,0,0,0,0,3,0,0,0,0,0,0,0,0,0,0,0,1,0,0,0,12,0,0,0,5,123,0,0,0,0,0,0,0,11
64,1,NS,0,27,186,2,0,0,0,0,2,1,2,0,12,0,0,0,0,22,0,0,0,0,0,0,3,0,0,0,0,0,0,0,0,0,0,0,0,0,0,0,0,0,0,0,0,0,0,0,0,0,0,0,0,0,0,1,0,0,0,0,0,763,0,1,0,0,1,0,0,6
64,2,NS,0,9,0,0,0,0,0,1,0,0,0,0,0,0,17,0,2,0,0,0,1,0,5,0,1,0,0,0,0,0,0,0,0,0,0,0,0,0,0,0,0,0,2,0,0,0,0,0,0,0,0,0,0,0,0,0,0,0,0,0,0,16,0,0,0,0,0,0,0,0
9,0,S,6,52,31,45,9,3,0,0,1,1,1,1,1,0,0,9,0,13,0,2,0,0,0,22,23,1,0,0,0,0,0,0,0,0,0,0,0,0,0,1,0,0,0,0,0,0,0,0,0,3,0,0,0,0,1,0,17,0,0,0,2,170,0,0,0,5,1,0,0,5
9,1,S,0,90,149,0,0,0,0,0,0,0,2,0,9,0,0,2,0,28,0,0,0,0,0,0,17,0,0,0,1,0,0,0,0,0,1,0,0,0,0,0,0,0,0,0,0,0,0,0,0,1,0,0,0,0,0,0,0,0,0,0,0,663,0,0,0,0,1,0,0,10
9,2,S,1,3,0,0,0,0,1,0,0,0,0,0,0,0,11,0,0,0,0,0,7,0,14,0,0,0,0,0,0,0,0,0,0,0,0,0,0,0,0,0,0,0,0,0,0,0,0,0,0,1,0,0,0,0,0,0,0,0,0,0,0,7,0,0,0,0,0,0,0,0
15,0,S,10,102,124,43,12,2,0,0,0,0,2,0,1,0,0,9,0,54,0,0,0,0,0,23,26,12,0,0,2,0,0,0,0,0,0,0,0,0,0,5,4,0,0,0,0,0,0,0,0,2,0,0,3,0,0,0,20,1,0,1,8,432,0,0,0,1,0,0,0,7
15,1,S,0,46,226,0,0,0,0,0,2,0,0,0,26,0,0,2,0,47,0,0,0,0,0,0,2,0,0,0,0,0,0,0,0,0,0,0,0,0,0,0,0,0,0,0,0,0,0,0,0,2,0,0,1,0,0,0,1,0,0,0,0,1105,0,0,0,0,2,0,0,11
15,2,S,0,8,0,0,4,0,0,0,0,0,1,0,0,0,8,0,4,0,0,0,6,0,13,0,3,0,0,0,0,0,0,0,0,0,0,0,0,0,0,0,0,0,2,0,0,0,0,0,0,0,0,0,0,0,0,0,0,0,0,0,0,9,0,0,0,0,0,0,0,0
21,0,S,19,96,30,67,22,4,0,0,0,1,0,0,0,0,0,15,0,29,0,2,0,0,0,39,24,0,0,0,0,0,0,0,0,0,0,0,0,0,0,2,0,0,0,0,0,0,0,0,0,3,2,0,1,0,0,0,35,0,0,4,8,203,0,0,0,1,0,0,0,9
21,1,S,0,34,89,1,0,0,0,0,1,0,0,0,19,0,0,6,0,63,0,0,0,0,0,1,12,0,0,0,0,0,1,0,0,0,0,0,0,0,0,0,0,0,0,0,0,0,0,0,0,1,0,0,0,0,0,1,0,0,0,0,0,551,0,1,0,0,1,0,0,6
21,2,S,0,5,0,0,2,1,0,0,0,0,3,0,0,0,13,0,3,0,0,0,2,0,16,0,0,0,0,0,0,0,0,0,0,0,0,0,1,0,0,0,0,0,2,0,0,0,0,0,0,0,0,0,0,0,0,0,0,0,0,0,0,8,0,0,0,0,0,0,0,0
27,0,S,4,91,12,43,29,3,0,0,0,0,1,0,0,0,0,13,0,26,0,0,0,0,0,42,28,0,0,0,0,0,0,0,0,0,0,0,1,0,0,0,3,0,0,0,0,0,0,0,0,3,0,0,2,0,0,0,21,1,0,1,4,172,0,0,0,2,1,0,0,7
27,1,S,1,28,257,0,0,0,0,0,0,0,0,0,13,0,0,1,0,45,0,0,0,0,0,0,2,0,0,0,0,0,0,0,0,0,1,0,0,0,0,2,0,0,0,0,0,0,0,0,0,1,0,1,0,0,0,0,0,0,0,0,0,932,0,0,0,0,0,0,0,7
27,2,S,0,9,0,0,1,0,2,0,0,0,1,0,0,0,23,0,2,0,0,0,4,0,12,0,0,0,0,0,0,0,0,0,0,0,0,0,0,0,0,0,0,0,0,0,0,0,0,0,0,2,0,0,1,0,0,0,0,0,0,0,0,12,0,0,0,0,0,0,0,0
35,0,S,5,80,51,37,21,4,0,0,0,7,1,0,0,0,0,6,0,17,0,5,0,0,0,23,17,2,0,0,0,0,0,0,0,0,0,0,0,0,0,0,2,0,0,0,0,1,0,0,0,4,0,0,0,0,0,0,21,0,0,1,5,233,0,0,1,0,2,0,0,9
35,1,S,3,26,132,5,0,0,0,0,1,0,0,0,12,0,0,0,0,19,0,0,0,0,0,0,1,0,0,0,0,0,0,0,0,0,0,0,0,0,0,0,0,0,0,0,0,0,0,0,0,0,0,0,0,0,0,1,0,0,0,0,0,616,0,0,0,0,0,0,0,1
35,2,S,0,9,0,0,0,3,1,0,0,0,0,0,0,0,11,0,2,0,0,0,5,1,24,0,1,0,0,0,0,0,0,0,0,0,0,0,0,0,0,0,0,0,1,0,0,0,0,0,0,1,0,0,0,0,0,0,0,0,0,0,0,8,0,0,0,0,0,0,0,0
47,0,S,7,130,11,52,11,3,0,0,1,0,0,0,0,0,0,21,0,14,0,0,0,0,0,37,19,0,0,0,0,0,0,0,0,0,0,0,0,0,0,1,2,0,0,0,0,0,0,0,0,8,0,0,0,0,0,0,22,2,0,0,10,196,0,0,0,4,5,0,0,8
47,1,S,0,27,189,0,0,0,0,0,0,0,0,0,30,0,0,3,0,13,0,0,0,0,0,0,2,0,0,0,0,0,0,0,0,0,0,0,0,0,0,0,0,0,0,0,0,0,0,0,0,1,0,0,0,0,0,0,0,0,0,0,0,837,0,0,0,0,0,0,0,6
47,2,S,0,0,0,0,0,0,0,0,0,0,0,0,0,0,0,0,0,0,0,0,0,0,0,0,0,0,0,0,0,0,0,0,0,0,0,0,0,0,0,0,0,0,0,0,0,0,0,0,0,0,0,0,0,0,0,0,0,0,0,0,0,0,0,0,0,0,0,0,0,0
52,0,S,4,47,29,39,11,4,0,0,2,0,1,3,0,0,0,10,0,16,0,4,0,0,0,32,11,1,0,0,0,0,0,0,0,0,0,0,0,0,0,0,2,0,0,0,0,0,0,0,0,4,1,0,0,0,0,0,22,1,0,0,0,163,0,0,1,0,3,0,0,9
52,1,S,0,30,154,0,0,0,0,0,3,1,3,1,12,0,0,0,0,39,0,0,0,0,0,0,4,0,0,0,0,0,0,0,0,0,0,0,0,0,0,0,0,0,0,0,0,0,0,0,0,0,0,0,0,0,0,0,0,0,0,0,0,648,0,1,0,0,0,0,0,1
52,2,S,0,15,0,0,1,0,1,0,0,0,1,0,0,0,14,0,2,0,0,0,1,0,18,0,2,0,0,0,0,0,0,0,0,0,0,0,0,0,0,0,0,0,2,0,0,0,0,0,0,0,0,0,0,0,0,0,0,0,0,0,0,10,0,0,0,0,0,0,0,0
62,0,S,4,71,277,29,13,2,0,0,0,0,0,0,0,0,0,11,0,19,0,3,0,0,0,42,25,19,0,0,0,0,0,0,0,0,0,0,0,0,0,0,0,0,0,0,0,0,0,0,0,0,1,0,0,0,0,0,23,0,0,1,8,246,0,0,0,3,0,0,0,6
62,1,S,0,26,202,4,0,0,0,0,2,0,1,0,13,0,0,0,0,24,0,0,0,0,0,0,2,0,0,0,0,0,0,0,1,0,0,0,0,0,0,0,0,0,0,0,0,0,0,0,0,0,0,0,0,0,0,0,0,0,0,0,1,876,0,2,0,0,1,0,0,6
62,2,S,0,9,0,0,2,0,0,0,1,0,2,0,0,0,9,0,0,0,0,0,1,0,6,0,0,0,0,0,0,0,0,0,0,0,0,0,0,0,0,0,0,0,0,0,0,0,0,0,0,1,0,0,1,0,0,0,0,0,0,0,0,3,0,0,0,0,0,0,0,0
,,,,,,,,,,,,,,,,,,,,,,,,,,,,,,,,,,,,,,,,,,,,,,,,,,,,,,,,,,,,,,,,,,,,,,,,
,,,,,,,,,,,,,,,,,,,,,,,,,,,,,,,,,,,,,,,,,,,,,,,,,,,,,,,,,,,,,,,,,,,,,,,,
,,,,,,,,,,,,,,,,,,,,,,,,,,,,,,,,,,,,,,,,,,,,,,,,,,,,,,,,,,,,,,,299,59766,1,36,24,128,77,3,18,1080